Package,LibPath,Version,Priority,Depends,Imports,LinkingTo,Suggests,Enhances,License,License_is_FOSS,License_restricts_use,OS_type,MD5sum,NeedsCompilation,Built
abind,/Users/sfield/r_libs,1.4-5,NA,R (>= 1.5.0),"methods, utils",NA,NA,NA,LGPL (>= 2),NA,NA,NA,NA,no,3.5.0
acepack,/Users/sfield/r_libs,1.4.1,NA,NA,NA,NA,testthat,NA,MIT + file LICENSE,NA,NA,NA,NA,yes,3.5.0
assertthat,/Users/sfield/r_libs,0.2.0,NA,NA,tools,NA,testthat,NA,GPL-3,NA,NA,NA,NA,no,3.5.0
backports,/Users/sfield/r_libs,1.1.3,NA,R (>= 3.0.0),utils,NA,NA,NA,GPL-2,NA,NA,NA,NA,yes,3.5.0
base64enc,/Users/sfield/r_libs,0.1-3,NA,R (>= 2.9.0),NA,NA,NA,png,GPL-2 | GPL-3,NA,NA,NA,NA,yes,3.5.0
bayesplot,/Users/sfield/r_libs,1.6.0,NA,R (>= 3.1.0),"dplyr (>= 0.7.1), ggplot2 (>= 2.2.1), reshape2, stats, utils,
rlang, ggridges",NA,"arm, gridExtra (>= 2.2.1), knitr (>= 1.16), loo (>= 2.0.0),
rmarkdown (>= 1.0.0), rstan (>= 2.17.1), rstanarm (>= 2.17.4),
rstantools (>= 1.5.0), scales, shinystan (>= 2.3.0), testthat
(>= 2.0.0), vdiffr",NA,GPL (>= 3),NA,NA,NA,NA,no,3.5.0
bbmle,/Users/sfield/r_libs,1.0.20,NA,"R (>= 3.0.0), stats4","stats, numDeriv, lattice, MASS, methods",NA,"emdbook, rms, ggplot2, RUnit, MuMIn, AICcmodavg, Hmisc,
optimx (>= 2013.8.6), knitr, testthat",NA,GPL,NA,NA,NA,NA,no,3.5.0
beanplot,/Users/sfield/r_libs,1.2,NA,NA,NA,NA,"vioplot, lattice",NA,GPL-2,NA,NA,NA,NA,no,3.5.0
beeswarm,/Users/sfield/r_libs,0.2.3,NA,NA,"stats, graphics, grDevices, utils",NA,NA,NA,Artistic-2.0,NA,NA,NA,NA,no,3.5.0
BH,/Users/sfield/r_libs,1.69.0-1,NA,NA,NA,NA,NA,NA,BSL-1.0,NA,NA,NA,NA,no,3.5.2
bindr,/Users/sfield/r_libs,0.1.1,NA,NA,NA,NA,testthat,NA,MIT + file LICENSE,NA,NA,NA,NA,no,3.5.0
bindrcpp,/Users/sfield/r_libs,0.2.2,NA,NA,"bindr (>= 0.1.1), Rcpp (>= 0.12.16)","plogr, Rcpp",testthat,NA,MIT + file LICENSE,NA,NA,NA,NA,yes,3.5.0
Biobase,/Users/sfield/r_libs,2.40.0,NA,"R (>= 2.10), BiocGenerics (>= 0.3.2), utils",methods,NA,"tools, tkWidgets, ALL, RUnit, golubEsets",NA,Artistic-2.0,NA,NA,NA,NA,yes,3.5.0
BiocGenerics,/Users/sfield/r_libs,0.26.0,NA,"methods, utils, graphics, stats, parallel","methods, utils, graphics, stats, parallel",NA,"Biobase, S4Vectors, IRanges, GenomicRanges, Rsamtools,
AnnotationDbi, oligoClasses, oligo, affyPLM, flowClust, affy,
DESeq2, MSnbase, annotate, RUnit",NA,Artistic-2.0,NA,NA,NA,NA,no,3.5.0
BiocInstaller,/Users/sfield/r_libs,1.30.0,NA,R (>= 3.5.0),NA,NA,"remotes, RUnit, BiocGenerics",NA,Artistic-2.0,NA,NA,NA,NA,no,3.5.0
bit,/Users/sfield/r_libs,1.1-14,NA,R (>= 2.9.2),NA,NA,NA,NA,GPL-2,NA,NA,NA,NA,yes,3.5.0
bit64,/Users/sfield/r_libs,0.9-7,NA,"R (>= 3.0.1), bit (>= 1.1-12), utils, methods, stats",NA,NA,NA,NA,GPL-2,NA,NA,NA,NA,yes,3.5.0
bitops,/Users/sfield/r_libs,1.0-6,NA,NA,NA,NA,NA,NA,GPL (>= 2),NA,NA,NA,NA,yes,3.5.0
blob,/Users/sfield/r_libs,1.1.1,NA,NA,"methods, prettyunits",NA,"covr, pillar (>= 1.2.1), testthat",NA,GPL-3,NA,NA,NA,NA,no,3.5.0
boot,/Users/sfield/r_libs,1.3-20,recommended,"R (>= 3.0.0), graphics, stats",NA,NA,"MASS, survival",NA,Unlimited,NA,NA,NA,NA,no,3.5.0
brew,/Users/sfield/r_libs,1.0-6,NA,NA,NA,NA,NA,NA,GPL-2,NA,NA,NA,NA,NA,3.5.0
broom,/Users/sfield/r_libs,0.5.1,NA,R (>= 3.1),"backports, dplyr, generics (>= 0.0.2), methods, nlme, purrr,
reshape2, stringr, tibble, tidyr",NA,"AER, akima, AUC, bbmle, betareg, biglm, binGroup, boot, brms,
btergm, car, caret, coda, covr, e1071, emmeans, ergm, gam (>=
1.15), gamlss, gamlss.data, gamlss.dist, geepack, ggplot2,
glmnet, gmm, Hmisc, irlba, joineRML, Kendall, knitr, ks,
Lahman, lavaan, lfe, lme4, lmodel2, lmtest, lsmeans, maps,
maptools, MASS, Matrix, mclust, mgcv, muhaz, multcomp, network,
nnet, orcutt (>= 2.2), ordinal, plm, plyr, poLCA, psych,
quantreg, rgeos, rmarkdown, robust, rsample, rstan, rstanarm,
sp, speedglm, statnet.common, survey, survival, testthat,
tseries, xergm, zoo",NA,MIT + file LICENSE,NA,NA,NA,NA,no,3.5.0
calibrate,/Users/sfield/r_libs,1.7.2,NA,"R (>= 1.8.0), MASS",NA,NA,NA,NA,GPL-2,NA,NA,NA,NA,no,3.5.0
callr,/Users/sfield/r_libs,3.1.0,NA,NA,"processx (>= 3.2.1), R6, utils",NA,"covr, crayon, pingr, ps, testthat, withr",NA,MIT + file LICENSE,NA,NA,NA,NA,no,3.5.0
car,/Users/sfield/r_libs,3.0-2,NA,"R (>= 3.2.0), carData (>= 3.0-0)","abind, MASS, mgcv, nnet, pbkrtest (>= 0.4-4), quantreg,
grDevices, utils, stats, graphics, maptools, rio, lme4, nlme",NA,"alr4, boot, coxme, leaps, lmtest, Matrix, MatrixModels, rgl
(>= 0.93.960), sandwich, SparseM, survival, survey",NA,GPL (>= 2),NA,NA,NA,NA,no,3.5.0
carData,/Users/sfield/r_libs,3.0-2,NA,R (>= 3.0),NA,NA,NA,NA,GPL (>= 2),NA,NA,NA,NA,no,3.5.0
caret,/Users/sfield/r_libs,6.0-81,NA,"R (>= 2.10), lattice (>= 0.20), ggplot2","foreach, methods, plyr, ModelMetrics (>= 1.1.0), nlme,
reshape2, stats, stats4, utils, grDevices, recipes (>= 0.1.4),
withr (>= 2.0.0)",NA,"BradleyTerry2, e1071, earth (>= 2.2-3), fastICA, gam (>=
1.15), ipred, kernlab, knitr, klaR, MASS, ellipse, mda, mgcv,
mlbench, MLmetrics, nnet, party (>= 0.9-99992), pls, pROC,
proxy, randomForest, RANN, spls, subselect, pamr, superpc,
Cubist, testthat (>= 0.9.1), rpart, dplyr",NA,GPL (>= 2),NA,NA,NA,NA,yes,3.5.0
caretEnsemble,/Users/sfield/r_libs,2.0.0,NA,R (>= 3.2.0),"methods, pbapply, ggplot2, digest, plyr, lattice, gridExtra,
data.table, caret",NA,"caTools, testthat, lintr, randomForest, glmnet, rpart,
kernlab, nnet, e1071, ipred, pROC, knitr, mlbench, MASS, gbm,
klaR",NA,MIT + file LICENSE,NA,NA,NA,NA,no,3.5.0
caTools,/Users/sfield/r_libs,1.17.1.1,NA,R (>= 2.2.0),bitops,NA,"MASS, rpart",NA,GPL-3,NA,NA,NA,NA,yes,3.5.0
cellranger,/Users/sfield/r_libs,1.1.0,NA,R (>= 3.0.0),"rematch, tibble",NA,"covr, testthat (>= 1.0.0), knitr, rmarkdown",NA,MIT + file LICENSE,NA,NA,NA,NA,no,3.5.0
checkmate,/Users/sfield/r_libs,1.8.5,NA,R (>= 3.0.0),"backports (>= 1.1.0), utils",NA,"R6, bit, fastmatch, data.table (>= 1.9.8), devtools, ggplot2,
knitr, magrittr, microbenchmark, rmarkdown, testthat (>=
0.11.0), tibble",NA,BSD_3_clause + file LICENSE,NA,NA,NA,NA,yes,3.5.0
classInt,/Users/sfield/r_libs,0.3-1,NA,R (>= 2.2),"grDevices, stats, graphics, e1071, class",NA,spData (>= 0.2.6.2),NA,GPL (>= 2),NA,NA,NA,NA,yes,3.5.0
cli,/Users/sfield/r_libs,1.0.1,NA,R (>= 2.10),"assertthat, crayon (>= 1.3.4), methods, utils",NA,"covr, fansi, mockery, testthat, webshot, withr",NA,MIT + file LICENSE,NA,NA,NA,NA,no,3.5.0
clinfun,/Users/sfield/r_libs,1.0.15,NA,"R (>= 2.0.0), graphics, stats",mvtnorm,NA,survival,NA,GPL (>= 2),NA,NA,NA,NA,yes,3.5.0
clipr,/Users/sfield/r_libs,0.4.1,NA,NA,utils,NA,"rstudioapi (>= 0.5), testthat, covr",NA,GPL-3,NA,NA,NA,NA,no,3.5.0
clisymbols,/Users/sfield/r_libs,1.2.0,NA,NA,NA,NA,testthat,NA,MIT + file LICENSE,NA,NA,NA,NA,no,3.5.0
cluster,/Users/sfield/r_libs,2.0.7-1,recommended,R (>= 3.2.0),"graphics, grDevices, stats, utils",NA,"MASS, Matrix",NA,GPL (>= 2),NA,NA,NA,NA,yes,3.5.0
cmprsk,/Users/sfield/r_libs,2.2-7,NA,"R (>= 2.15.0), survival",NA,NA,NA,NA,GPL (>= 2),NA,NA,NA,NA,yes,3.5.0
coda,/Users/sfield/r_libs,0.19-2,NA,R (>= 2.14.0),lattice,NA,NA,NA,GPL (>= 2),NA,NA,NA,NA,no,3.5.0
coin,/Users/sfield/r_libs,1.2-2,NA,"R (>= 2.14.0), methods, survival","stats, modeltools (>= 0.2-9), mvtnorm (>= 1.0-5), multcomp",NA,"parallel, xtable, e1071, vcd, TH.data (>= 1.0-7)",NA,GPL-2,NA,NA,NA,NA,yes,3.5.0
colorspace,/Users/sfield/r_libs,1.3-2,NA,"R (>= 2.13.0), methods","graphics, grDevices",NA,"datasets, stats, utils, KernSmooth, MASS, kernlab, mvtnorm,
vcd, dichromat, tcltk, shiny, shinyjs",NA,BSD_3_clause + file LICENSE,NA,NA,NA,NA,yes,3.5.0
colourpicker,/Users/sfield/r_libs,1.0,NA,R (>= 3.1.0),"ggplot2, htmltools, htmlwidgets (>= 0.7), jsonlite, miniUI (>=
0.1.1), shiny (>= 0.11.1), shinyjs, utils",NA,"knitr (>= 1.7), rmarkdown, rstudioapi (>= 0.5)",NA,MIT + file LICENSE,NA,NA,NA,NA,no,3.5.0
combinat,/Users/sfield/r_libs,0.0-8,NA,NA,NA,NA,NA,NA,GPL-2,NA,NA,NA,NA,NA,3.5.0
commonmark,/Users/sfield/r_libs,1.7,NA,NA,NA,NA,"curl, testthat, xml2",NA,BSD_2_clause + file LICENSE,NA,NA,NA,NA,yes,3.5.0
config,/Users/sfield/r_libs,0.3,NA,NA,yaml (>= 2.1.13),NA,"testthat, knitr",NA,GPL-3,NA,NA,NA,NA,no,3.5.0
crayon,/Users/sfield/r_libs,1.3.4,NA,NA,"grDevices, methods, utils",NA,"mockery, rstudioapi, testthat, withr",NA,MIT + file LICENSE,NA,NA,NA,NA,no,3.5.0
crosstalk,/Users/sfield/r_libs,1.0.0,NA,NA,"htmltools (>= 0.3.5), jsonlite, lazyeval, R6, shiny (>= 0.11),
ggplot2",NA,NA,NA,MIT + file LICENSE,NA,NA,NA,NA,no,3.5.0
curl,/Users/sfield/r_libs,3.2,NA,R (>= 3.0.0),NA,NA,"spelling, testthat (>= 1.0.0), knitr, jsonlite, rmarkdown,
magrittr, httpuv, webutils",NA,MIT + file LICENSE,NA,NA,NA,NA,yes,3.5.0
data.table,/Users/sfield/r_libs,1.11.8,NA,R (>= 3.1.0),methods,NA,"bit64, curl, R.utils, knitr, xts, nanotime, zoo",NA,MPL-2.0 | file LICENSE,NA,NA,NA,NA,yes,3.5.0
DBI,/Users/sfield/r_libs,1.0.0,NA,"R (>= 3.0.0), methods",NA,NA,"blob, covr, hms, knitr, magrittr, rprojroot, rmarkdown,
RSQLite (>= 1.1-2), testthat, xml2",NA,LGPL (>= 2),NA,NA,NA,NA,no,3.5.0
dbplyr,/Users/sfield/r_libs,1.2.2,NA,R (>= 3.2),"assertthat (>= 0.2.0), DBI (>= 0.7), dplyr (>= 0.7.4), glue
(>= 1.2.0), methods, purrr (>= 0.2.4), R6 (>= 2.2.2), rlang (>=
0.1.6), tibble (>= 1.4.1), tidyselect (>= 0.2.2), utils",NA,"bit64, covr, knitr, Lahman (>= 5.0.0), nycflights13 (>=
0.2.2), rmarkdown, RMariaDB (>= 1.0.2), RMySQL (>= 0.10.11),
RPostgreSQL (>= 0.4.1), RSQLite (>= 2.0), testthat (>= 2.0.0),
withr",NA,MIT + file LICENSE,NA,NA,NA,NA,no,3.5.0
dendextend,/Users/sfield/r_libs,1.9.0,NA,R (>= 3.0.0),"utils, stats, datasets, magrittr (>= 1.0.1), ggplot2, fpc,
whisker, viridis",NA,"knitr, rmarkdown, testthat, seriation, colorspace, plyr, ape,
profdpm, microbenchmark, gplots, heatmaply, d3heatmap,
dynamicTreeCut, pvclust, corrplot, DendSer, MASS, cluster,
circlize (>= 0.2.5), covr","ggdendro, dendroextras, Hmisc, data.table, rpart",GPL-2 | GPL-3,NA,NA,NA,NA,no,3.5.0
DEoptimR,/Users/sfield/r_libs,1.0-8,NA,NA,stats,NA,NA,robustbase,GPL (>= 2),NA,NA,NA,NA,no,3.5.0
DependenciesGraphs,/Users/sfield/r_libs,0.3,NA,"visNetwork(>= 0.2.1),shinydashboard, XML","mvbutils, rlist, tools",NA,NA,NA,Free,NA,NA,NA,NA,no,3.5.1
desc,/Users/sfield/r_libs,1.2.0,NA,R (>= 3.1.0),"assertthat, utils, R6, crayon, rprojroot",NA,"covr, testthat, whoami, withr",NA,MIT + file LICENSE,NA,NA,NA,NA,no,3.5.0
deSolve,/Users/sfield/r_libs,1.21,NA,R (>= 2.15.0),"methods, graphics, grDevices, stats",NA,scatterplot3d,NA,GPL (>= 2),NA,NA,NA,NA,yes,3.5.0
devtools,/Users/sfield/r_libs,2.0.1,NA,R (>= 3.0.2),"callr, cli, digest, git2r (>= 0.23.0), httr (>= 0.4),
jsonlite, memoise (>= 1.0.0), pkgbuild (>= 1.0.2), pkgload (>=
1.0.1), rcmdcheck (>= 1.3.0), remotes (>= 2.0.0), rstudioapi
(>= 0.6.0.9000), sessioninfo, stats, tools, usethis (>= 1.4.0),
utils, withr",NA,"BiocInstaller, BiocManager, bitops, covr (>= 3.2.0), crayon,
curl (>= 0.9), evaluate, foghorn (>= 1.0.1), gmailr (> 0.7.0),
knitr, lintr (>= 0.2.1), mockery, pingr, MASS, pkgdown, Rcpp
(>= 0.10.0), rhub, rmarkdown, roxygen2 (>= 6.1.0), rversions,
spelling (>= 1.1), testthat (>= 1.0.2), whisker",NA,GPL (>= 2),NA,NA,NA,NA,no,3.5.1
dichromat,/Users/sfield/r_libs,2.0-0,NA,"R (>= 2.10), stats",NA,NA,NA,NA,GPL-2,NA,NA,NA,NA,NA,3.5.0
digest,/Users/sfield/r_libs,0.6.18,NA,R (>= 3.1.0),NA,NA,"knitr, rmarkdown",NA,GPL (>= 2),NA,NA,NA,NA,yes,3.5.0
diptest,/Users/sfield/r_libs,0.75-7,NA,NA,NA,NA,NA,NA,GPL (>= 2),NA,NA,NA,NA,yes,3.5.0
doMC,/Users/sfield/r_libs,1.3.5,NA,"R (>= 2.14.0), foreach(>= 1.2.0), iterators(>= 1.0.0),
parallel",utils,NA,NA,"compiler, RUnit",GPL-2,NA,NA,NA,NA,no,3.5.0
doParallel,/Users/sfield/r_libs,1.0.14,NA,"R (>= 2.14.0), foreach(>= 1.2.0), iterators(>= 1.0.0),
parallel, utils",NA,NA,"caret, mlbench, rpart, RUnit",compiler,GPL-2,NA,NA,NA,NA,no,3.5.0
dplyr,/Users/sfield/r_libs,0.7.8,NA,R (>= 3.1.2),"assertthat (>= 0.2.0), bindrcpp (>= 0.2.0.9000), glue (>=
1.1.1), magrittr (>= 1.5), methods, pkgconfig (>= 2.0.1), R6
(>= 2.2.2), Rcpp (>= 0.12.19), rlang (>= 0.3.0), tibble (>=
1.4.2), tidyselect (>= 0.2.3), utils","BH (>= 1.58.0-1), bindrcpp (>= 0.2.0.9000), plogr (>=
0.1.10), Rcpp (>= 0.12.15)","bit64 (>= 0.9.7), callr, covr (>= 3.0.1), DBI (>= 0.7.14),
dbplyr (>= 1.2.0), dtplyr (>= 0.0.2), ggplot2 (>= 2.2.1), hms
(>= 0.4.1), knitr (>= 1.19), Lahman (>= 3.0-1), lubridate,
MASS, mgcv (>= 1.8.23), microbenchmark (>= 1.4.4), nycflights13
(>= 0.2.2), rmarkdown (>= 1.8), RMySQL (>= 0.10.13),
RPostgreSQL (>= 0.6.2), RSQLite (>= 2.0), testthat (>= 2.0.0),
withr (>= 2.1.1)",NA,MIT + file LICENSE,NA,NA,NA,NA,yes,3.5.0
DT,/Users/sfield/r_libs,0.5,NA,NA,"htmltools (>= 0.3.6), htmlwidgets (>= 1.3), magrittr,
crosstalk, promises",NA,"jsonlite (>= 0.9.16), knitr (>= 1.8), rmarkdown, shiny (>=
0.12.1)",NA,GPL-3 | file LICENSE,NA,NA,NA,NA,no,3.5.0
dygraphs,/Users/sfield/r_libs,1.1.1.6,NA,R (>= 3.0),"magrittr, htmlwidgets (>= 0.6), htmltools (>= 0.3.5), zoo (>=
1.7-10), xts (>= 0.9-7)",NA,testthat,"rmarkdown (>= 0.3.3), shiny (>= 0.10.2.1)",MIT + file LICENSE,NA,NA,NA,NA,no,3.5.0
e1071,/Users/sfield/r_libs,1.7-0,NA,NA,"graphics, grDevices, class, stats, methods, utils",NA,"cluster, mlbench, nnet, randomForest, rpart, SparseM, xtable,
Matrix, MASS",NA,GPL-2,NA,NA,NA,NA,yes,3.5.0
earth,/Users/sfield/r_libs,4.6.3,NA,"R (>= 3.2.0), plotmo (>= 3.3.4), TeachingDemos (>= 2.10)",NA,NA,"gam (>= 1.14-4), mgcv (>= 1.8-22), mda (>= 0.4-10), MASS (>=
7.3-47)",NA,GPL-3,NA,NA,NA,NA,yes,3.5.0
emdbook,/Users/sfield/r_libs,1.3.10,NA,NA,"MASS, lattice, plyr, coda, bbmle",NA,"R2WinBUGS, ellipse, SuppDists, numDeriv, testthat, rgl",NA,GPL,NA,NA,NA,NA,no,3.5.0
evaluate,/Users/sfield/r_libs,0.12,NA,R (>= 3.0.2),methods,NA,"testthat, lattice, ggplot2",NA,MIT + file LICENSE,NA,NA,NA,NA,no,3.5.0
fansi,/Users/sfield/r_libs,0.4.0,NA,R (>= 3.1.0),NA,NA,"unitizer, knitr, rmarkdown",NA,GPL (>= 2),NA,NA,NA,NA,yes,3.5.0
fastICA,/Users/sfield/r_libs,1.2-1,NA,R (>= 3.0.0),NA,NA,MASS,NA,GPL-2 | GPL-3,NA,NA,NA,NA,yes,3.5.0
fdrtool,/Users/sfield/r_libs,1.2.15,NA,R (>= 3.0.2),"graphics, grDevices, stats",NA,,NA,GPL (>= 3),NA,NA,NA,NA,yes,3.5.0
fit.models,/Users/sfield/r_libs,0.5-14,NA,NA,"lattice, stats",NA,MASS,NA,GPL,NA,NA,NA,NA,no,3.5.0
flexmix,/Users/sfield/r_libs,2.3-14,NA,"R (>= 2.15.0), lattice","graphics, grid, grDevices, methods, modeltools (>= 0.2-16),
nnet, stats, stats4",NA,"actuar, codetools, diptest, ellipse, gclus, glmnet, lme4 (>=
1.0), MASS, mgcv (>= 1.8-0), mlbench, mlogit, multcomp,
mvtnorm, SuppDists, survival",NA,GPL (>= 2),NA,NA,NA,NA,no,3.5.0
flsa,/Users/sfield/r_libs,1.05,NA,R (>= 2.0.0),NA,NA,testthat,NA,GPL-2,NA,NA,NA,NA,yes,3.5.0
forcats,/Users/sfield/r_libs,0.3.0,NA,R (>= 3.1),"magrittr, rlang, tibble",NA,"covr, ggplot2, testthat",NA,GPL-3,NA,NA,NA,NA,no,3.5.0
foreach,/Users/sfield/r_libs,1.4.4,NA,R (>= 2.5.0),"codetools, utils, iterators",NA,randomForest,"compiler, doMC, RUnit, doParallel",Apache License (== 2.0),NA,NA,NA,NA,no,3.5.0
formatR,/Users/sfield/r_libs,1.5,NA,R (>= 3.0.2),NA,NA,"codetools, shiny, testit, rmarkdown, knitr",NA,GPL,NA,NA,NA,NA,no,3.5.0
Formula,/Users/sfield/r_libs,1.2-3,NA,"R (>= 2.0.0), stats",NA,NA,NA,NA,GPL-2 | GPL-3,NA,NA,NA,NA,no,3.5.0
fpc,/Users/sfield/r_libs,2.1-11.1,NA,R (>= 2.0),"MASS, cluster, mclust, flexmix, prabclus, class, diptest,
mvtnorm, robustbase, kernlab, trimcluster, grDevices, graphics,
methods, stats, utils",NA,"tclust, pdfCluster",NA,GPL,NA,NA,NA,NA,no,3.5.0
fs,/Users/sfield/r_libs,1.2.6,NA,R (>= 3.1),"methods, Rcpp",Rcpp,"testthat, covr, pillar (>= 1.0.0), crayon, withr",NA,GPL-3,NA,NA,NA,NA,yes,3.5.0
futile.logger,/Users/sfield/r_libs,1.4.3,NA,R (>= 3.0.0),"utils, lambda.r (>= 1.1.0), futile.options",NA,"testthat, jsonlite",NA,LGPL-3,NA,NA,NA,NA,no,3.5.0
futile.options,/Users/sfield/r_libs,1.0.1,NA,R (>= 2.8.0),NA,NA,NA,NA,LGPL-3,NA,NA,NA,NA,no,3.5.0
gbm,/Users/sfield/r_libs,2.1.4,NA,R (>= 2.9.0),"gridExtra, lattice, parallel, survival",NA,"knitr, pdp, RUnit, splines, viridis",NA,GPL (>= 2) | file LICENSE,NA,NA,NA,NA,yes,3.5.0
gclus,/Users/sfield/r_libs,1.3.1,NA,"R (>= 2.10), cluster",NA,NA,NA,NA,GPL (>= 2),NA,NA,NA,NA,NA,3.5.0
gdata,/Users/sfield/r_libs,2.18.0,NA,R (>= 2.3.0),"gtools, stats, methods, utils",NA,RUnit,NA,GPL-2,NA,NA,NA,NA,no,3.5.0
generics,/Users/sfield/r_libs,0.0.2,NA,R (>= 3.1),methods,NA,"covr, pkgload, testthat, tibble",NA,GPL-2,NA,NA,NA,NA,no,3.5.0
GGally,/Users/sfield/r_libs,1.4.0,NA,"R (>= 3.1), ggplot2 (> 2.2.0)","grDevices, grid, gtable (>= 0.2.0), plyr (>= 1.8.3), progress,
RColorBrewer, reshape (>= 0.8.5), utils, rlang",NA,"broom (>= 0.4.0), chemometrics, geosphere (>= 1.5-1), igraph
(>= 1.0.1), intergraph (>= 2.0-2), maps (>= 3.1.0), mapproj,
network (>= 1.12.0), scagnostics, scales (>= 0.4.0), sna (>=
2.3-2), survival, packagedocs (>= 0.4.0), rmarkdown, roxygen2,
testthat, crosstalk",NA,GPL (>= 2.0),NA,NA,NA,NA,no,3.5.0
ggplot2,/Users/sfield/r_libs,3.1.0,NA,R (>= 3.1),"digest, grid, gtable (>= 0.1.1), lazyeval, MASS, mgcv, plyr
(>= 1.7.1), reshape2, rlang (>= 0.2.1), scales (>= 0.5.0),
stats, tibble, viridisLite, withr (>= 2.0.0)",NA,"covr, dplyr, ggplot2movies, hexbin, Hmisc, lattice, mapproj,
maps, maptools, multcomp, munsell, nlme, testthat (>= 0.11.0),
vdiffr, quantreg, knitr, rgeos, rpart, rmarkdown, sf (>=
0.3-4), svglite (>= 1.2.0.9001)",sp,GPL-2 | file LICENSE,NA,NA,NA,NA,no,3.5.0
ggrepel,/Users/sfield/r_libs,0.8.0,NA,"R (>= 3.0.0), ggplot2 (>= 2.2.0)","grid, Rcpp, scales (>= 0.3.0)",Rcpp,"knitr, rmarkdown, testthat, gridExtra, devtools, prettydoc",NA,GPL-3 | file LICENSE,NA,NA,NA,NA,yes,3.5.0
ggridges,/Users/sfield/r_libs,0.5.1,NA,R (>= 3.2),"ggplot2 (>= 2.2.0), grid (>= 3.0.0), plyr (>= 1.8.0), scales
(>= 0.4.1), withr (>= 2.1.1)",NA,"covr, dplyr, gridExtra, ggplot2movies, DAAG, forcats, knitr,
rmarkdown, testthat, vdiffr, viridis",NA,GPL-2 | file LICENSE,NA,NA,NA,NA,no,3.5.0
gh,/Users/sfield/r_libs,1.0.1,NA,NA,"ini, jsonlite, httr",NA,"covr, pingr, testthat",NA,MIT + file LICENSE,NA,NA,NA,NA,no,3.5.0
git2r,/Users/sfield/r_libs,0.23.0,NA,R (>= 3.1),"graphics, utils",NA,getPass,NA,GPL-2,NA,NA,NA,NA,yes,3.5.0
glmnet,/Users/sfield/r_libs,2.0-16,NA,"Matrix (>= 1.0-6), utils, foreach",methods,NA,"survival, knitr, lars",NA,GPL-2,NA,NA,NA,NA,yes,3.5.0
glue,/Users/sfield/r_libs,1.3.0,NA,R (>= 3.1),methods,NA,"testthat, covr, magrittr, crayon, knitr, rmarkdown, DBI,
RSQLite, R.utils, forcats, microbenchmark, rprintf, stringr,
ggplot2, dplyr, withr",NA,MIT + file LICENSE,NA,NA,NA,NA,yes,3.5.0
gower,/Users/sfield/r_libs,0.1.2,NA,NA,NA,NA,"testthat, knitr, rmarkdown",NA,GPL-3,NA,NA,NA,NA,yes,3.5.0
gplots,/Users/sfield/r_libs,3.0.1,NA,R (>= 3.0),"gtools, gdata, stats, caTools, KernSmooth",NA,"grid, MASS",NA,GPL-2,NA,NA,NA,NA,no,3.5.0
gridExtra,/Users/sfield/r_libs,2.3,NA,NA,"gtable, grid, grDevices, graphics, utils",NA,"ggplot2, egg, lattice, knitr, testthat",NA,GPL (>= 2),NA,NA,NA,NA,no,3.5.0
gtable,/Users/sfield/r_libs,0.2.0,NA,R (>= 2.14),grid,NA,"testthat, covr",NA,GPL-2,NA,NA,NA,NA,no,3.5.0
gtools,/Users/sfield/r_libs,3.8.1,NA,"methods, stats, utils",NA,NA,NA,NA,GPL-2,NA,NA,NA,NA,yes,3.5.0
haven,/Users/sfield/r_libs,2.0.0,NA,R (>= 3.1),"forcats (>= 0.2.0), hms, Rcpp (>= 0.11.4), readr (>= 0.1.0),
tibble",Rcpp,"covr, fs, knitr, rmarkdown, testthat",NA,MIT + file LICENSE,NA,NA,NA,NA,yes,3.5.0
heatmaply,/Users/sfield/r_libs,0.15.2,NA,"R (>= 3.0.0), plotly (>= 4.7.1), viridis","ggplot2 (>= 2.2.0), dendextend (>= 1.4.0), magrittr (>=
1.0.1), reshape2, scales, seriation, utils, stats, grDevices,
methods, colorspace, RColorBrewer, htmlwidgets, webshot,
gplots, assertthat",NA,"knitr, covr, tidyselect, rmarkdown, testthat",NA,GPL-2 | GPL-3,NA,NA,NA,NA,no,3.5.0
here,/Users/sfield/r_libs,0.1,NA,NA,rprojroot (>= 1.2),NA,NA,NA,GPL-3,NA,NA,NA,NA,no,3.5.0
hexbin,/Users/sfield/r_libs,1.27.2,NA,"R (>= 2.0.1), methods","lattice, grid, graphics, grDevices, stats, utils",NA,"marray, affy, Biobase, limma",NA,GPL-2,NA,NA,NA,NA,yes,3.5.0
highlight,/Users/sfield/r_libs,0.4.7.2,NA,R (>= 3.1.3),"grDevices, tools",NA,NA,NA,GPL (>= 3),NA,NA,NA,NA,yes,3.5.0
highr,/Users/sfield/r_libs,0.7,NA,R (>= 3.0.2),NA,NA,"knitr, testit",NA,GPL,NA,NA,NA,NA,no,3.5.0
Hmisc,/Users/sfield/r_libs,4.1-1,NA,"lattice, survival (>= 2.40-1), Formula, ggplot2 (>= 2.2)","methods, latticeExtra, cluster, rpart, nnet, acepack, foreign,
gtable, grid, gridExtra, data.table, htmlTable (>= 1.11.0),
viridis, htmltools, base64enc",NA,"chron, rms, mice, tables, knitr, ff, ffbase, plotly (>=
4.5.6)",NA,GPL (>= 2),NA,NA,NA,NA,yes,3.5.0
hms,/Users/sfield/r_libs,0.4.2,NA,NA,"methods, pkgconfig, rlang",NA,"crayon, lubridate, pillar (>= 1.1.0), testthat",NA,GPL-3,NA,NA,NA,NA,no,3.5.0
htmlTable,/Users/sfield/r_libs,1.12,NA,NA,"stringr, knitr (>= 1.6), magrittr (>= 1.5), methods,
checkmate, htmlwidgets, htmltools, rstudioapi (>= 0.6)",NA,"testthat, XML, xtable, ztable, Hmisc, reshape, rmarkdown,
pander, chron, lubridate, tibble, tidyr (>= 0.7.2), dplyr (>=
0.7.4)",NA,GPL (>= 3),NA,NA,NA,NA,no,3.5.0
htmltools,/Users/sfield/r_libs,0.3.6,NA,R (>= 2.14.1),"utils, digest, Rcpp",Rcpp,"markdown, testthat",knitr,GPL (>= 2),NA,NA,NA,NA,yes,3.5.0
htmlwidgets,/Users/sfield/r_libs,1.3,NA,NA,"grDevices, htmltools (>= 0.3), jsonlite (>= 0.9.16), yaml",NA,knitr (>= 1.8),shiny (>= 1.1),MIT + file LICENSE,NA,NA,NA,NA,no,3.5.0
httpuv,/Users/sfield/r_libs,1.4.5.1,NA,"R (>= 2.15.1), methods","Rcpp (>= 0.11.0), utils, promises, later (>= 0.7.3)","Rcpp, BH, later","testthat, callr",NA,GPL (>= 2) | file LICENSE,NA,NA,NA,NA,yes,3.5.0
httr,/Users/sfield/r_libs,1.4.0,NA,R (>= 3.1),"curl (>= 0.9.1), jsonlite, mime, openssl (>= 0.8), R6",NA,"covr, httpuv, jpeg, knitr, png, readr, rmarkdown, testthat
(>= 0.8.0), xml2",NA,MIT + file LICENSE,NA,NA,NA,NA,no,3.5.0
hunspell,/Users/sfield/r_libs,3.0,NA,R (>= 3.0.2),"Rcpp, digest",Rcpp (>= 0.12.12),"spelling, testthat, pdftools, janeaustenr, wordcloud2, knitr,
stopwords, rmarkdown",NA,GPL-2 | LGPL-2.1 | MPL-1.1,NA,NA,NA,NA,yes,3.5.0
igraph,/Users/sfield/r_libs,1.2.2,NA,methods,"graphics, grDevices, magrittr, Matrix, pkgconfig (>= 2.0.0),
stats, utils",NA,"ape, digest, graph, igraphdata, rgl, scales, stats4, tcltk,
testthat",NA,GPL (>= 2),NA,NA,NA,NA,yes,3.5.0
ini,/Users/sfield/r_libs,0.3.1,NA,NA,NA,NA,testthat,NA,GPL-3,NA,NA,NA,NA,no,3.5.0
inline,/Users/sfield/r_libs,0.3.15,NA,R (>= 2.4.0),methods,NA,Rcpp (>= 0.11.0),NA,LGPL,NA,NA,NA,NA,no,3.5.0
ipred,/Users/sfield/r_libs,0.9-8,NA,R (>= 2.10),"rpart (>= 3.1-8), MASS, survival, nnet, class, prodlim",NA,"mvtnorm, mlbench, TH.data",NA,GPL (>= 2),NA,NA,NA,NA,yes,3.5.0
iterators,/Users/sfield/r_libs,1.0.10,NA,"R (>= 2.5.0), utils",NA,NA,"RUnit, foreach",NA,Apache License (== 2.0),NA,NA,NA,NA,no,3.5.0
jsonlite,/Users/sfield/r_libs,1.6,NA,methods,NA,NA,"httr, curl, plyr, testthat, knitr, rmarkdown, R.rsp, sp",NA,MIT + file LICENSE,NA,NA,NA,NA,yes,3.5.0
kableExtra,/Users/sfield/r_libs,0.9.0,NA,R (>= 3.1.0),"knitr (>= 1.16), magrittr, stringr (>= 1.0), xml2 (>= 1.1.1),
rvest, rmarkdown (>= 1.6.0), readr, scales, viridisLite, stats,
grDevices, htmltools, rstudioapi",NA,"testthat, magick, formattable, dplyr",NA,MIT + file LICENSE,NA,NA,NA,NA,no,3.5.0
kerasR,/Users/sfield/r_libs,0.6.1,NA,R (>= 2.10),reticulate (>= 0.7),NA,"knitr, rmarkdown, testthat, covr",NA,LGPL-2,NA,NA,NA,NA,no,3.5.0
kernlab,/Users/sfield/r_libs,0.9-27,NA,R (>= 2.10),"methods, stats, grDevices, graphics",NA,NA,NA,GPL-2,NA,NA,NA,NA,yes,3.5.0
kknn,/Users/sfield/r_libs,1.3.1,NA,R (>= 2.10),"igraph (>= 1.0), Matrix, stats, graphics",NA,NA,NA,GPL (>= 2),NA,NA,NA,NA,yes,3.5.0
klaR,/Users/sfield/r_libs,0.6-14,NA,"R (>= 2.10.0), MASS","combinat, questionr, grDevices, stats, utils, graphics",NA,"scatterplot3d (>= 0.3-22), som, mlbench, rpart, e1071",NA,GPL-2,NA,NA,NA,NA,no,3.5.0
knitr,/Users/sfield/r_libs,1.21,NA,R (>= 3.1.0),"evaluate (>= 0.10), highr, markdown, stringr (>= 0.6), yaml
(>= 2.1.19), methods, xfun, tools",NA,"formatR, testit, digest, rgl (>= 0.95.1201), codetools,
rmarkdown, htmlwidgets (>= 0.7), webshot, tikzDevice (>= 0.10),
tinytex, reticulate (>= 1.4), JuliaCall (>= 0.11.1), png, jpeg,
gifski, xml2 (>= 1.2.0), httr, DBI (>= 0.4-1), showtext,
tibble, styler",NA,GPL,NA,NA,NA,NA,no,3.5.1
labeling,/Users/sfield/r_libs,0.3,NA,NA,NA,NA,NA,NA,MIT + file LICENSE | Unlimited,NA,NA,NA,NA,no,3.5.0
labelled,/Users/sfield/r_libs,2.0.1,NA,NA,"haven (>= 2.0.0), dplyr, stats",NA,"testthat, knitr, rmarkdown, questionr",memisc,GPL-3,NA,NA,NA,NA,no,3.5.0
lambda.r,/Users/sfield/r_libs,1.2.3,NA,R (>= 3.0.0),formatR,NA,testit,NA,LGPL-3,NA,NA,NA,NA,no,3.5.0
later,/Users/sfield/r_libs,0.7.5,NA,NA,"Rcpp (>= 0.12.9), rlang","Rcpp, BH","knitr, rmarkdown, testthat",NA,GPL (>= 2),NA,NA,NA,NA,yes,3.5.0
latex2exp,/Users/sfield/r_libs,0.4.0,NA,NA,"stringr, magrittr",NA,"testthat, knitr, ggplot2, plyr, rmarkdown",NA,MIT + file LICENSE,NA,NA,NA,NA,no,3.5.0
lattice,/Users/sfield/r_libs,0.20-38,recommended,R (>= 3.0.0),"grid, grDevices, graphics, stats, utils",NA,"KernSmooth, MASS, latticeExtra",chron,GPL (>= 2),NA,NA,NA,NA,yes,3.5.0
latticeExtra,/Users/sfield/r_libs,0.6-28,NA,"R (>= 2.10.0), lattice, RColorBrewer","grid, stats, utils, grDevices",NA,"maps, mapproj, deldir, tripack, zoo, MASS, quantreg, mgcv",NA,GPL (>= 2),NA,NA,NA,NA,no,3.5.0
lava,/Users/sfield/r_libs,1.6.4,NA,R (>= 3.0),"grDevices, graphics, methods, numDeriv, stats, survival,
SQUAREM, utils",NA,"KernSmooth, Matrix, Rgraphviz, ascii, data.table, ellipse,
fields, foreach, geepack, gof (>= 0.9), graph, igraph (>= 0.6),
lava.tobit (>= 0.4.7), lme4, mets (>= 1.1), nlme, optimx,
polycor, quantreg, rgl, testthat (>= 0.11), visNetwork, zoo",NA,GPL-3,NA,NA,NA,NA,no,3.5.0
lazyeval,/Users/sfield/r_libs,0.2.1,NA,R (>= 3.1.0),NA,NA,"knitr, rmarkdown (>= 0.2.65), testthat, covr",NA,GPL-3,NA,NA,NA,NA,yes,3.5.0
limma,/Users/sfield/r_libs,3.36.5,NA,R (>= 2.3.0),"grDevices, graphics, stats, utils, methods",NA,"affy, AnnotationDbi, BiasedUrn, Biobase, ellipse, GO.db,
gplots, illuminaio, locfit, MASS, org.Hs.eg.db, splines,
statmod (>= 1.2.2), vsn",NA,GPL (>=2),NA,NA,NA,NA,yes,3.5.1
lintr,/Users/sfield/r_libs,1.0.3,NA,R (>= 3.1.1),"rex, crayon, codetools, stringdist, testthat, digest, igraph,
rstudioapi (>= 0.2), httr, jsonlite, knitr, stats, utils",NA,"rmarkdown, mockery",NA,MIT + file LICENSE,NA,NA,NA,NA,no,3.5.0
lme4,/Users/sfield/r_libs,1.1-19,NA,"R (>= 3.2.0), Matrix (>= 1.2-1), methods, stats","graphics, grid, splines, utils, parallel, MASS, lattice, nlme
(>= 3.1-123), minqa (>= 1.1.15), nloptr (>= 1.0.4)","Rcpp (>= 0.10.5), RcppEigen","knitr, boot, PKPDmodels, MEMSS, testthat (>= 0.8.1), ggplot2,
mlmRev, optimx (>= 2013.8.6), gamm4, pbkrtest, HSAUR2,
numDeriv, car, dfoptim",NA,GPL (>= 2),NA,NA,NA,NA,yes,3.5.0
loo,/Users/sfield/r_libs,2.0.0,NA,R (>= 3.1.2),"graphics, matrixStats (>= 0.52), parallel, stats",NA,"bayesplot (>= 1.5.0), knitr, rmarkdown, rstan, rstanarm,
rstantools, testthat",NA,GPL (>= 3),NA,NA,NA,NA,no,3.5.0
lsei,/Users/sfield/r_libs,1.2-0,NA,NA,NA,NA,NA,NA,GPL (>= 2),NA,NA,NA,NA,yes,3.5.0
lubridate,/Users/sfield/r_libs,1.7.4,NA,"methods, R (>= 3.0.0)","stringr, Rcpp (>= 0.12.13),","Rcpp,","testthat, knitr, covr","chron, fts, timeSeries, timeDate, tis, tseries, xts, zoo",GPL (>= 2),NA,NA,NA,NA,yes,3.5.0
magrittr,/Users/sfield/r_libs,1.5,NA,NA,NA,NA,"testthat, knitr",NA,MIT + file LICENSE,NA,NA,NA,NA,no,3.5.0
manipulateWidget,/Users/sfield/r_libs,0.10.0,NA,NA,"shiny (>= 1.0.3), miniUI, htmltools, htmlwidgets, knitr,
methods, tools, base64enc, grDevices, codetools, webshot",NA,"dygraphs, leaflet, plotly, xts, rmarkdown, testthat, covr",NA,GPL (>= 2) | file LICENSE,NA,NA,NA,NA,no,3.5.0
maptools,/Users/sfield/r_libs,0.9-4,NA,"R (>= 2.10), sp (>= 1.0-11)","foreign (>= 0.8), methods, grid, lattice, stats, utils,
grDevices",NA,"rgeos (>= 0.1-8), spatstat (>= 1.50), PBSmapping, maps,
RColorBrewer, raster, polyclip, spatstat.utils","gpclib, RArcInfo",GPL (>= 2),NA,NA,NA,NA,yes,3.5.0
markdown,/Users/sfield/r_libs,0.9,NA,R (>= 2.11.1),"utils, mime (>= 0.3)",NA,"knitr, RCurl",NA,GPL-2,NA,NA,NA,NA,yes,3.5.0
MatrixModels,/Users/sfield/r_libs,0.4-1,NA,R (>= 3.0.1),"stats, methods, Matrix (>= 1.1-5)",NA,NA,NA,GPL (>= 2),NA,NA,NA,NA,no,3.5.0
matrixStats,/Users/sfield/r_libs,0.54.0,NA,R (>= 2.12.0),NA,NA,"base64enc, ggplot2, knitr, microbenchmark, R.devices, R.rsp",NA,Artistic-2.0,NA,NA,NA,NA,yes,3.5.0
mclust,/Users/sfield/r_libs,5.4.2,NA,R (>= 3.0),"stats, utils, graphics, grDevices",NA,"knitr (>= 1.12), rmarkdown (>= 0.9), mix (>= 1.0), geometry
(>= 0.3-6), MASS",NA,GPL (>= 2),NA,NA,NA,NA,yes,3.5.0
mda,/Users/sfield/r_libs,0.4-10,NA,"R (>= 1.9.0), stats, class",NA,NA,earth,NA,GPL-2,NA,NA,NA,NA,yes,3.5.0
memoise,/Users/sfield/r_libs,1.1.0,NA,NA,digest (>= 0.6.3),NA,"testthat, aws.s3, httr, covr",NA,MIT + file LICENSE,NA,NA,NA,NA,no,3.5.0
mime,/Users/sfield/r_libs,0.6,NA,NA,tools,NA,NA,NA,GPL,NA,NA,NA,NA,yes,3.5.0
miniUI,/Users/sfield/r_libs,0.1.1.1,NA,NA,"shiny (>= 0.13), htmltools (>= 0.3), utils",NA,NA,NA,GPL-3,NA,NA,NA,NA,no,3.5.0
minqa,/Users/sfield/r_libs,1.2.4,NA,NA,Rcpp (>= 0.9.10),Rcpp,NA,NA,GPL-2,NA,NA,NA,NA,yes,3.5.0
mixtools,/Users/sfield/r_libs,1.1.0,NA,R (>= 3.2.0),"MASS, segmented, stats, survival",NA,NA,NA,GPL (>= 2),NA,NA,NA,NA,yes,3.5.0
mlbench,/Users/sfield/r_libs,2.1-1,NA,R (>= 2.10),NA,NA,lattice,NA,GPL-2,NA,NA,NA,NA,NA,3.5.0
mnormt,/Users/sfield/r_libs,1.5-5,NA,R (>= 2.2.0),NA,NA,NA,NA,GPL-2 | GPL-3,NA,NA,NA,NA,yes,3.5.0
ModelMetrics,/Users/sfield/r_libs,1.2.2,NA,R (>= 3.2.2),"Rcpp, data.table",Rcpp,testthat,NA,GPL (>= 2),NA,NA,NA,NA,yes,3.5.0
modelr,/Users/sfield/r_libs,0.1.2,NA,R (>= 3.1),"broom, dplyr, magrittr, purrr (>= 0.2.2), tibble, tidyr (>=
0.8.0), rlang (>= 0.2.0)",NA,"compiler, covr, ggplot2, testthat",NA,GPL-3,NA,NA,NA,NA,no,3.5.0
modeltools,/Users/sfield/r_libs,0.2-22,NA,"stats, stats4",methods,NA,NA,NA,GPL-2,NA,NA,NA,NA,no,3.5.0
multcomp,/Users/sfield/r_libs,1.4-8,NA,"stats, graphics, mvtnorm (>= 1.0-3), survival (>= 2.39-4),
TH.data (>= 1.0-2)","sandwich (>= 2.3-0), codetools",NA,"lme4 (>= 0.999375-16), nlme, robustbase, coin, MASS, car,
foreign, xtable, lmtest, coxme (>= 2.2-1), SimComp, ISwR",NA,GPL-2,NA,NA,NA,NA,no,3.5.0
munsell,/Users/sfield/r_libs,0.5.0,NA,NA,"colorspace, methods",NA,"ggplot2, testthat",NA,MIT + file LICENSE,NA,NA,NA,NA,no,3.5.0
mvbutils,/Users/sfield/r_libs,2.8.232,NA,R (>= 3.3),"utils, tools, stats, graphics",NA,NA,NA,GPL (>= 2),NA,NA,NA,NA,no,3.5.0
mvtnorm,/Users/sfield/r_libs,1.0-8,NA,R(>= 1.9.0),"stats, methods",NA,NA,NA,GPL-2,NA,NA,NA,NA,yes,3.5.0
nlme,/Users/sfield/r_libs,3.1-137,recommended,R (>= 3.4.0),"graphics, stats, utils, lattice",NA,"Hmisc, MASS",NA,GPL (>= 2) | file LICENCE,NA,NA,NA,NA,yes,3.5.0
nloptr,/Users/sfield/r_libs,1.2.1,NA,NA,NA,NA,"testthat (>= 0.8.1), knitr, rmarkdown, inline (>= 0.3.14)",NA,LGPL-3,NA,NA,NA,NA,yes,3.5.0
nplr,/Users/sfield/r_libs,0.1-7,NA,methods,"stats,graphics,utils",NA,"RUnit,knitr",NA,GPL,NA,NA,NA,NA,no,3.5.0
npsurv,/Users/sfield/r_libs,0.4-0,NA,lsei,methods,NA,NA,NA,GPL (>= 2),NA,NA,NA,NA,no,3.5.0
numDeriv,/Users/sfield/r_libs,2016.8-1,NA,R (>= 2.11.1),NA,NA,NA,NA,GPL-2,NA,NA,NA,NA,no,3.5.0
odbc,/Users/sfield/r_libs,1.1.6,NA,R (>= 3.2.0),"DBI (>= 1.0.0), methods, Rcpp (>= 0.12.11), blob (>= 1.1.0),
bit64, hms","Rcpp, BH","tibble, DBItest, testthat, covr, magrittr",NA,MIT + file LICENSE,NA,NA,NA,NA,yes,3.5.0
openssl,/Users/sfield/r_libs,1.1,NA,NA,NA,NA,"testthat, digest, knitr, rmarkdown, jsonlite, jose",NA,MIT + file LICENSE,NA,NA,NA,NA,yes,3.5.0
openxlsx,/Users/sfield/r_libs,4.1.0,NA,R (>= 3.3.0),"methods, Rcpp, grDevices, stats, utils, zip",Rcpp,"knitr, testthat",NA,MIT + file LICENSE,NA,NA,NA,NA,yes,3.5.0
packrat,/Users/sfield/r_libs,0.5.0,NA,R (>= 3.0.0),"tools, utils",NA,"testthat (>= 0.7), devtools, httr, knitr, rmarkdown",NA,GPL-2,NA,NA,NA,NA,no,3.5.0
pamr,/Users/sfield/r_libs,1.55,NA,"R (>= 2.10), cluster, survival",NA,NA,NA,NA,GPL-2,NA,NA,NA,NA,yes,3.5.0
pbapply,/Users/sfield/r_libs,1.3-4,NA,R (>= 3.2.0),parallel,NA,NA,NA,GPL-2,NA,NA,NA,NA,no,3.5.0
pbkrtest,/Users/sfield/r_libs,0.4-7,NA,"R (>= 3.2.3), lme4 (>= 1.1.10)","Matrix (>= 1.2.3), parallel, MASS, methods",NA,NA,NA,GPL (>= 2),NA,NA,NA,NA,no,3.5.0
pcaPP,/Users/sfield/r_libs,1.9-73,NA,NA,mvtnorm,NA,NA,NA,GPL (>= 3),NA,NA,NA,NA,yes,3.5.0
pec,/Users/sfield/r_libs,2018.04.18,NA,"R (>= 2.9.0), prodlim (>= 1.4.9)","foreach (>= 1.4.2), rms (>= 4.2-0), survival (>= 2.37-7),
timereg (>= 1.8.9)",NA,"randomForestSRC, party, cmprsk (>= 2.2-7), rpart, CoxBoost,
crrstep, riskRegression (>= 1.0.8), lava (>= 1.4.1), Hmisc (>=
3.14-4)",NA,GPL (>= 2),NA,NA,NA,NA,yes,3.5.1
penalizedLDA,/Users/sfield/r_libs,1.1,NA,R (>= 1.9.0),"flsa, graphics, stats, utils",NA,NA,NA,GPL (>= 2),NA,NA,NA,NA,no,3.5.0
pillar,/Users/sfield/r_libs,1.3.1,NA,NA,"cli (>= 1.0.0), crayon (>= 1.3.4), fansi (>= 0.4.0), methods,
rlang (>= 0.3.0.1), utf8 (>= 1.1.3)",NA,"knitr (>= 1.19), lubridate (>= 1.7.4), testthat (>= 2.0.0),
withr (>= 2.1.2)",NA,GPL-3,NA,NA,NA,NA,no,3.5.0
pkgbuild,/Users/sfield/r_libs,1.0.2,NA,R (>= 3.1),"callr (>= 2.0.0), cli, crayon, desc, prettyunits, R6,
rprojroot, withr (>= 2.1.2)",NA,"Rcpp, testthat, covr",NA,GPL-3,NA,NA,NA,NA,no,3.5.0
pkgconfig,/Users/sfield/r_libs,2.0.2,NA,NA,utils,NA,"covr, testthat, disposables (>= 1.0.3)",NA,MIT + file LICENSE,NA,NA,NA,NA,no,3.5.0
pkgdown,/Users/sfield/r_libs,1.3.0,NA,R (>= 3.1.0),"callr (>= 2.0.2), cli, crayon, desc, digest, evaluate, fs (>=
1.2.0), fansi, highlight, httr, magrittr, MASS, memoise,
openssl, pkgload (>= 1.0.2), purrr, processx, R6, rematch2,
rlang (>= 0.2.0), rmarkdown (>= 1.1.9007), roxygen2, rsconnect,
rstudioapi, tibble, tools, whisker, withr, xml2 (>= 1.1.1),
yaml",NA,"covr, devtools, htmlwidgets, jsonlite, knitr, leaflet,
testthat, rticles",NA,MIT + file LICENSE,NA,NA,NA,NA,no,3.5.0
pkgload,/Users/sfield/r_libs,1.0.2,NA,NA,"desc, methods, pkgbuild, rlang, rprojroot, rstudioapi, utils,
withr",NA,"bitops, covr, Rcpp, testthat",NA,GPL-3,NA,NA,NA,NA,yes,3.5.0
plogr,/Users/sfield/r_libs,0.2.0,NA,NA,NA,NA,Rcpp,NA,MIT + file LICENSE,NA,NA,NA,NA,no,3.5.0
plotly,/Users/sfield/r_libs,4.8.0,NA,"R (>= 3.2.0), ggplot2 (>= 3.0.0)","tools, scales, httr, jsonlite, magrittr, digest, viridisLite,
base64enc, htmltools, htmlwidgets (>= 1.2), tidyr, hexbin,
RColorBrewer, dplyr, tibble, lazyeval (>= 0.2.0), rlang,
crosstalk, purrr, data.table, promises",NA,"MASS, maps, ggthemes, GGally, testthat, knitr, devtools,
shiny (>= 1.1.0), curl, rmarkdown, Rserve, RSclient, Cairo,
broom, webshot, listviewer, dendextend, sf, maptools, rgeos,
png, IRdisplay, processx, plotlyGeoAssets, forcats",NA,MIT + file LICENSE,NA,NA,NA,NA,no,3.5.1
plotmo,/Users/sfield/r_libs,3.5.1,NA,"R (>= 3.2.0), plotrix, TeachingDemos",NA,NA,"C50 (>= 0.1.0-24), earth (>= 4.5.2), gbm (>= 2.1.1), glmnet
(>= 2.0.5), glmnetUtils (>= 1.0.3), MASS (>= 7.3-45), mlr (>=
2.12.1), neuralnet (>= 1.33), partykit (>= 1.2-2), pre (>=
0.5.0), rpart (>= 4.1-10), rpart.plot (>= 2.1.0)",NA,GPL-3,NA,NA,NA,NA,no,3.5.0
plotrix,/Users/sfield/r_libs,3.7-4,NA,NA,"grDevices, graphics, stats, utils",NA,NA,NA,GPL (>= 2),NA,NA,NA,NA,no,3.5.0
pls,/Users/sfield/r_libs,2.7-0,NA,R (>= 2.10),"grDevices, graphics, methods, stats",NA,"MASS, parallel, Rmpi, testthat, RUnit",NA,GPL-2,NA,NA,NA,NA,no,3.5.0
plyr,/Users/sfield/r_libs,1.8.4,NA,R (>= 3.1.0),Rcpp (>= 0.11.0),Rcpp,"abind, testthat, tcltk, foreach, doParallel, itertools,
iterators, covr",NA,MIT + file LICENSE,NA,NA,NA,NA,yes,3.5.0
polspline,/Users/sfield/r_libs,1.1.13,NA,NA,"stats, graphics",NA,NA,NA,GPL (>= 2),NA,NA,NA,NA,yes,3.5.0
powerMediation,/Users/sfield/r_libs,0.2.9,NA,"R (>= 3.1.0), stats",NA,NA,NA,NA,GPL (>= 2),NA,NA,NA,NA,no,3.5.0
prabclus,/Users/sfield/r_libs,2.2-6,NA,"R (>= 2.10), MASS, mclust",NA,NA,"spdep, maptools, foreign, mvtnorm",NA,GPL,NA,NA,NA,NA,no,3.5.0
praise,/Users/sfield/r_libs,1.0.0,NA,NA,NA,NA,testthat,NA,MIT + file LICENSE,NA,NA,NA,NA,no,3.5.0
prettyunits,/Users/sfield/r_libs,1.0.2,NA,NA,"magrittr, assertthat, methods",NA,testthat,NA,MIT + file LICENSE,NA,NA,NA,NA,no,3.5.0
pROC,/Users/sfield/r_libs,1.13.0,NA,R (>= 2.14),"plyr, utils, methods, Rcpp (>= 0.11.1), ggplot2,",Rcpp,"microbenchmark, tcltk, MASS, logcondens, doParallel,
testthat, vdiffr",NA,GPL (>= 3),NA,NA,NA,NA,yes,3.5.0
processx,/Users/sfield/r_libs,3.2.1,NA,NA,"ps, R6, utils",NA,"callr, covr, crayon, debugme, parallel, testthat, withr",NA,MIT + file LICENSE,NA,NA,NA,NA,yes,3.5.0
prodlim,/Users/sfield/r_libs,2018.04.18,NA,R (>= 2.9.0),"Rcpp (>= 0.11.5), stats, graphics, survival, KernSmooth, lava",Rcpp,NA,NA,GPL (>= 2),NA,NA,NA,NA,yes,3.5.0
progenyClust,/Users/sfield/r_libs,1.2,NA,"graphics,stats,grDevices",Hmisc,NA,NA,NA,AGPL-3,NA,NA,NA,NA,no,3.5.0
progress,/Users/sfield/r_libs,1.2.0,NA,NA,"hms, prettyunits, R6, crayon",NA,"Rcpp, testthat, withr",NA,MIT + file LICENSE,NA,NA,NA,NA,no,3.5.0
promises,/Users/sfield/r_libs,1.0.1,NA,NA,"R6, Rcpp, later, rlang, stats, magrittr","later, Rcpp","testthat, future, knitr, rmarkdown",NA,MIT + file LICENSE,NA,NA,NA,NA,yes,3.5.0
ps,/Users/sfield/r_libs,1.2.1,NA,R (>= 3.1),utils,NA,"callr, covr, curl, pingr, processx (>= 3.1.0), R6, rlang,
testthat, tibble",NA,BSD_3_clause + file LICENSE,NA,NA,NA,NA,yes,3.5.0
psych,/Users/sfield/r_libs,1.8.10,NA,R (>= 2.10),"mnormt,parallel,stats,graphics,grDevices,methods,foreign,lattice,nlme",NA,"GPArotation, lavaan, sem, lme4,Rcsdp, graph, Rgraphviz",NA,GPL (>= 2),NA,NA,NA,NA,no,3.5.0
purrr,/Users/sfield/r_libs,0.2.5,NA,R (>= 3.1),"magrittr (>= 1.5), rlang (>= 0.1), tibble",NA,"covr, dplyr (>= 0.7.5), knitr, rmarkdown, testthat",NA,GPL-3 | file LICENSE,NA,NA,NA,NA,yes,3.5.0
pwr,/Users/sfield/r_libs,1.2-2,NA,NA,"stats, graphics",NA,"ggplot2, scales, knitr, rmarkdown",NA,GPL (>= 3),NA,NA,NA,NA,no,3.5.0
qap,/Users/sfield/r_libs,0.1-1,NA,NA,NA,NA,testthat,NA,GPL-3,NA,NA,NA,NA,yes,3.5.0
quantreg,/Users/sfield/r_libs,5.38,NA,"R (>= 2.6), stats, SparseM","methods, graphics, Matrix, MatrixModels",NA,"tripack, akima, MASS, survival, rgl, logspline, nor1mix,
Formula, zoo",NA,GPL (>= 2),NA,NA,NA,NA,yes,3.5.0
questionr,/Users/sfield/r_libs,0.7.0,NA,R (>= 2.10),"shiny (>= 1.0.5), miniUI, rstudioapi, highr, classInt,
htmltools, graphics, stats, utils, labelled (>= 2.0.0)",NA,"memisc, testthat, roxygen2, dplyr, tidyr, janitor, forcats,
knitr",NA,GPL (>= 2),NA,NA,NA,NA,no,3.5.0
qvalue,/Users/sfield/r_libs,2.12.0,NA,R(>= 2.10),"splines, ggplot2, grid, reshape2",NA,knitr,NA,LGPL,NA,NA,NA,NA,no,3.5.0
R6,/Users/sfield/r_libs,2.3.0,NA,R (>= 3.0),NA,NA,"knitr, microbenchmark, pryr, testthat, ggplot2, scales",NA,MIT + file LICENSE,NA,NA,NA,NA,no,3.5.0
randomForest,/Users/sfield/r_libs,4.6-14,NA,"R (>= 3.2.2), stats",NA,NA,"RColorBrewer, MASS",NA,GPL (>= 2),NA,NA,NA,NA,yes,3.5.0
randomForestSRC,/Users/sfield/r_libs,2.7.0,NA,"R (>= 3.1.0),",parallel,NA,"glmnet, survival, pec, prodlim, mlbench, akima, caret",NA,GPL (>= 3),NA,NA,NA,NA,yes,3.5.0
ranger,/Users/sfield/r_libs,0.10.1,NA,R (>= 3.1),"Rcpp (>= 0.11.2), Matrix","Rcpp, RcppEigen","survival, testthat",NA,GPL-3,NA,NA,NA,NA,yes,3.5.0
rcmdcheck,/Users/sfield/r_libs,1.3.2,NA,NA,"callr (>= 2.0.0), cli, crayon, desc (>= 1.2.0), digest,
pkgbuild, prettyunits, R6, rprojroot, sessioninfo (>= 1.1.1),
utils, withr, xopen",NA,"covr, knitr, mockery, rmarkdown, testthat",NA,MIT + file LICENSE,NA,NA,NA,NA,no,3.5.0
RColorBrewer,/Users/sfield/r_libs,1.1-2,NA,R (>= 2.0.0),NA,NA,NA,NA,Apache License 2.0,NA,NA,NA,NA,no,3.5.0
Rcpp,/Users/sfield/r_libs,1.0.0,NA,R (>= 3.0.0),"methods, utils",NA,"RUnit, inline, rbenchmark, knitr, rmarkdown, pinp, pkgKitten
(>= 0.1.2)",NA,GPL (>= 2),NA,NA,NA,NA,yes,3.5.0
RcppArmadillo,/Users/sfield/r_libs,0.9.200.5.0,NA,R (>= 3.3.0),"Rcpp (>= 0.11.0), stats, utils, methods",Rcpp,"RUnit, Matrix, pkgKitten, reticulate, rmarkdown, knitr, pinp,
slam",NA,GPL (>= 2),NA,NA,NA,NA,yes,3.5.0
RcppEigen,/Users/sfield/r_libs,0.3.3.5.0,NA,R (>= 2.15.1),"Matrix (>= 1.1-0), Rcpp (>= 0.11.0), stats, utils",Rcpp,"inline, RUnit, pkgKitten, microbenchmark",NA,GPL (>= 2) | file LICENSE,NA,NA,NA,NA,yes,3.5.0
RcppRoll,/Users/sfield/r_libs,0.3.0,NA,R (>= 2.15.1),Rcpp,Rcpp,"zoo, testthat",NA,GPL (>= 2),NA,NA,NA,NA,yes,3.5.0
RCurl,/Users/sfield/r_libs,1.95-4.11,NA,"R (>= 3.0.0), methods, bitops",NA,NA,"Rcompression, XML",NA,BSD,NA,NA,NA,NA,yes,3.5.0
readr,/Users/sfield/r_libs,1.3.1,NA,R (>= 3.1),"Rcpp (>= 0.12.0.5), tibble, hms (>= 0.4.1), R6, clipr, crayon,
methods","Rcpp, BH","curl, testthat, knitr, rmarkdown, stringi, covr, spelling",NA,GPL (>= 2) | file LICENSE,NA,NA,NA,NA,yes,3.5.1
readxl,/Users/sfield/r_libs,1.2.0,NA,NA,"cellranger, progress, Rcpp (>= 0.12.18), tibble (>= 1.3.1),
utils","progress, Rcpp","covr, knitr, rmarkdown, rprojroot (>= 1.1), testthat",NA,GPL-3,NA,NA,NA,NA,yes,3.5.1
recipes,/Users/sfield/r_libs,0.1.4,NA,"R (>= 3.1), dplyr","generics, gower, ipred, lubridate, magrittr, Matrix, purrr (>=
0.2.3), RcppRoll, rlang (>= 0.3.0.1), stats, tibble, tidyr,
tidyselect (>= 0.1.1), timeDate, utils, withr",NA,"covr, ddalpha, dimRed (>= 0.2.2), fastICA, ggplot2, igraph,
kernlab, knitr, NMF, pls, RANN, rmarkdown, rpart, rsample,
RSpectra, testthat",NA,GPL-2,NA,NA,NA,NA,no,3.5.0
registry,/Users/sfield/r_libs,0.5,NA,R (>= 2.6.0),utils,NA,NA,NA,GPL-2,NA,NA,NA,NA,no,3.5.0
rematch,/Users/sfield/r_libs,1.0.1,NA,NA,NA,NA,"covr, testthat",NA,MIT + file LICENSE,NA,NA,NA,NA,no,3.5.0
rematch2,/Users/sfield/r_libs,2.0.1,NA,NA,tibble,NA,"covr, testthat",NA,MIT + file LICENSE,NA,NA,NA,NA,no,3.5.0
remotes,/Users/sfield/r_libs,2.0.2,NA,R (>= 3.0.0),"methods, utils",NA,"curl, covr, git2r (>= 0.23.0), knitr, mockery, pkgbuild (>=
1.0.1), pingr, rmarkdown, testthat, withr",NA,GPL (>= 2),NA,NA,NA,NA,no,3.5.0
reprex,/Users/sfield/r_libs,0.2.1,NA,R (>= 3.1),"callr (>= 2.0.0), clipr (>= 0.4.0), fs, rlang, rmarkdown,
tools, utils, whisker, withr",NA,"covr, devtools, fortunes, knitr, miniUI, rprojroot,
rstudioapi, shiny, styler (>= 1.0.2), testthat (>= 2.0.0)",NA,MIT + file LICENSE,NA,NA,NA,NA,no,3.5.0
reshape,/Users/sfield/r_libs,0.8.8,NA,R (>= 2.6.1),plyr,NA,NA,NA,MIT + file LICENSE,NA,NA,NA,NA,yes,3.5.0
reshape2,/Users/sfield/r_libs,1.4.3,NA,R (>= 3.1),"plyr (>= 1.8.1), Rcpp, stringr",Rcpp,"covr, lattice, testthat (>= 0.8.0)",NA,MIT + file LICENSE,NA,NA,NA,NA,yes,3.5.0
reticulate,/Users/sfield/r_libs,1.10,NA,R (>= 3.0),"utils, graphics, jsonlite, Rcpp (>= 0.12.7), Matrix",Rcpp,"testthat, knitr, callr, rmarkdown",NA,Apache License 2.0,NA,NA,NA,NA,yes,3.5.0
rex,/Users/sfield/r_libs,1.1.2,NA,NA,"magrittr, lazyeval",NA,"testthat, knitr, rmarkdown, dplyr, ggplot2, Hmisc, stringr,
rvest, roxygen2, covr",NA,MIT + file LICENSE,NA,NA,NA,NA,no,3.5.0
rgl,/Users/sfield/r_libs,0.99.16,NA,R (>= 3.2.0),"graphics, grDevices, stats, utils, htmlwidgets, htmltools,
knitr, jsonlite (>= 0.9.20), shiny, magrittr, crosstalk,
manipulateWidget (>= 0.9.0)",NA,"MASS, rmarkdown, deldir, orientlib, lattice, misc3d,
rstudioapi, magick",NA,GPL,NA,NA,NA,NA,yes,3.5.0
rio,/Users/sfield/r_libs,0.5.16,NA,R (>= 2.15.0),"tools, stats, utils, foreign, haven (>= 1.1.0), curl (>= 0.6),
data.table (>= 1.9.8), readxl (>= 0.1.1), openxlsx, tibble",NA,"datasets, bit64, testthat, knitr, magrittr, clipr, csvy,
feather, fst, hexView, jsonlite, readODS (>= 1.6.4), readr,
rmatio, xml2 (>= 1.2.0), yaml",NA,GPL-2,NA,NA,NA,NA,no,3.5.0
riskRegression,/Users/sfield/r_libs,2018.10.03,NA,"R (>= 2.9.0), data.table (>= 1.10.4), ggplot2 (>= 2.1.0),
prodlim (>= 1.6.1)","abind, doParallel, stats, graphics, survival (>= 2.40.1), lava
(>= 1.4.7), cmprsk, plotrix, timereg (>= 1.9.1), foreach,
ranger, parallel, Rcpp, rms (>= 5.0-0)","Rcpp, RcppArmadillo","boot, CoxBoost, Daim, mets, mstate, party, pec, penalized,
pROC, randomForest, randomForestSRC, rbenchmark, rpart,
testthat,",NA,GPL (>= 2),NA,NA,NA,NA,yes,3.5.0
risksetROC,/Users/sfield/r_libs,1.0.4,NA,"R (>= 1.6.1), survival, MASS",NA,NA,NA,NA,GPL (>= 2),NA,NA,NA,NA,NA,3.5.0
rjson,/Users/sfield/r_libs,0.2.20,NA,R (>= 3.1.0),NA,NA,NA,NA,GPL-2,NA,NA,NA,NA,yes,3.5.0
rlang,/Users/sfield/r_libs,0.3.1,NA,R (>= 3.1.0),NA,NA,"crayon, magrittr, methods, pillar, testthat (>= 2.0.0), covr",NA,GPL-3,NA,NA,NA,NA,yes,3.5.2
rlist,/Users/sfield/r_libs,0.4.6.1,NA,R (>= 2.15),"yaml, jsonlite, XML, data.table",NA,"testthat, stringdist, pipeR",NA,MIT + file LICENSE,NA,NA,NA,NA,no,3.5.0
rlm,/Users/sfield/r_libs,1.2,NA,NA,NA,NA,NA,NA,GPL (>= 2),NA,NA,NA,NA,yes,3.5.0
rmarkdown,/Users/sfield/r_libs,1.11,NA,R (>= 3.0),"tools, utils, knitr (>= 1.18), yaml (>= 2.1.19), htmltools (>=
0.3.5), evaluate (>= 0.8), base64enc, jsonlite, mime, tinytex
(>= 0.3), methods, stringr (>= 1.2.0)",NA,"shiny (>= 0.11), tufte, testthat, digest, dygraphs, tibble,
callr (>= 2.0.0)",NA,GPL-3,NA,NA,NA,NA,no,3.5.0
rms,/Users/sfield/r_libs,5.1-2,NA,"Hmisc (>= 4.1-0), survival (>= 2.40-1), lattice, ggplot2 (>=
2.2), SparseM","methods, quantreg, rpart, nlme (>= 3.1-123), polspline,
multcomp, htmlTable (>= 1.11.0), htmltools",NA,"boot, tcltk, plotly (>= 4.5.6)",NA,GPL (>= 2),NA,NA,NA,NA,yes,3.5.0
robust,/Users/sfield/r_libs,0.4-18,NA,fit.models,"graphics, stats, utils, lattice, MASS, robustbase, rrcov",NA,NA,NA,GPL-2,NA,NA,NA,NA,yes,3.5.0
robustbase,/Users/sfield/r_libs,0.93-3,NA,R (>= 3.1.0),"stats, graphics, utils, methods, DEoptimR",NA,"grid, MASS, lattice, boot, cluster, Matrix, robust,
fit.models, MPV, xtable, ggplot2, GGally, RColorBrewer,
reshape2, sfsmisc, catdata, doParallel, foreach, skewt",NA,GPL (>= 2),NA,NA,NA,NA,yes,3.5.0
roxygen2,/Users/sfield/r_libs,6.1.1,NA,R (>= 3.1),"brew, commonmark, desc (>= 1.2.0), digest, methods, pkgload
(>= 1.0.2), purrr, R6 (>= 2.1.2), Rcpp (>= 0.11.0), stringi,
stringr (>= 1.0.0), utils, xml2",Rcpp,"covr, devtools, knitr, rmarkdown, testthat (>= 0.8.0)",NA,GPL (>= 2),NA,NA,NA,NA,yes,3.5.0
rprojroot,/Users/sfield/r_libs,1.3-2,NA,R (>= 3.0.0),backports,NA,"testthat, mockr, knitr, withr, rmarkdown",NA,GPL-3,NA,NA,NA,NA,no,3.5.0
rrcov,/Users/sfield/r_libs,1.4-7,NA,"R (>= 2.10), robustbase (>= 0.92.1), methods","stats, stats4, mvtnorm, lattice, cluster, pcaPP",NA,"grid, MASS, ellipse",NA,GPL (>= 2),NA,NA,NA,NA,yes,3.5.0
rsample,/Users/sfield/r_libs,0.0.3,NA,"R (>= 3.1), tidyr","dplyr, purrr, tibble, rlang, methods, generics",NA,"ggplot2, testthat, rmarkdown, knitr, AmesHousing, recipes (>=
0.1.4), broom",NA,GPL-2,NA,NA,NA,NA,no,3.5.0
rsconnect,/Users/sfield/r_libs,0.8.12,NA,R (>= 3.0.0),"openssl, RCurl, jsonlite, packrat (>= 0.4.8-1), yaml (>=
2.1.5), rstudioapi (>= 0.5)",NA,"knitr, testthat, rmarkdown (>= 1.1), plumber (>= 0.3.2),
shiny, sourcetools, xtable",NA,GPL-2,NA,NA,NA,NA,no,3.5.0
rstan,/Users/sfield/r_libs,2.18.2,NA,"R (>= 3.4.0), ggplot2 (>= 2.0.0), StanHeaders (>= 2.18.0)","methods, stats4, inline, gridExtra (>= 2.0.0), Rcpp (>=
0.12.0), loo (>= 2.0.0), pkgbuild","Rcpp (>= 0.12.0), RcppEigen (>= 0.3.3.3.0), BH (>= 1.66),
StanHeaders (>= 2.18.0)","RUnit, RcppEigen (>= 0.3.3.3.0), BH (>= 1.66), parallel,
KernSmooth, shinystan (>= 2.3.0), bayesplot (>= 1.5.0),
rmarkdown, rstantools, rstudioapi, Matrix, knitr (>= 1.15.1)",NA,GPL (>= 3),NA,NA,NA,NA,yes,3.5.0
rstanarm,/Users/sfield/r_libs,2.18.2,NA,"R (>= 3.4.0), Rcpp (>= 0.12.0), methods","bayesplot (>= 1.5.0), ggplot2 (>= 2.2.1), lme4 (>= 1.1-8), loo
(>= 2.0.0), Matrix (>= 1.2-13), nlme (>= 3.1-124), rstan (>=
2.18.1), rstantools (>= 1.4.0), shinystan (>= 2.3.0), stats,
survival (>= 2.40.1), utils","StanHeaders (>= 2.18.0), rstan (>= 2.18.1), BH (>= 1.66.0),
Rcpp (>= 0.12.0), RcppEigen (>= 0.3.3.3.0)","betareg, data.table (>= 1.10.0), digest, gridExtra, HSAUR3,
knitr (>= 1.15.1), MASS, mgcv (>= 1.8-13), rmarkdown, roxygen2,
testthat (>= 1.0.2)",NA,GPL (>= 3),NA,NA,NA,NA,yes,3.5.0
rstantools,/Users/sfield/r_libs,1.5.1,NA,NA,"stats, utils",NA,"bayesplot (>= 1.5.0), rstan (>= 2.17.2), rstanarm (>=
2.17.4), shinystan (>= 2.4.0), loo (>= 2.0.0), testthat, covr,
knitr, devtools, roxygen2 (>= 6.0.1), rmarkdown, rstudioapi,
usethis (>= 1.3.0)",NA,GPL (>= 3),NA,NA,NA,NA,no,3.5.0
rstudioapi,/Users/sfield/r_libs,0.8,NA,NA,NA,NA,"testthat, knitr, rmarkdown",NA,MIT + file LICENSE,NA,NA,NA,NA,no,3.5.0
rvest,/Users/sfield/r_libs,0.3.2,NA,"R (>= 3.0.1), xml2","httr (>= 0.5), selectr, magrittr",NA,"testthat, knitr, png, stringi (>= 0.3.1), rmarkdown, covr",NA,GPL-3,NA,NA,NA,NA,no,3.5.0
sandwich,/Users/sfield/r_libs,2.5-0,NA,R (>= 2.10.0),"stats, utils, zoo",NA,"AER, car, geepack, lattice, lmtest, MASS, multiwayvcov,
parallel, pcse, plm, pscl, scatterplot3d, stats4, strucchange,
survival",NA,GPL-2 | GPL-3,NA,NA,NA,NA,no,3.5.0
scales,/Users/sfield/r_libs,1.0.0,NA,R (>= 3.1),"labeling, munsell (>= 0.5), R6, RColorBrewer, Rcpp,
viridisLite",Rcpp,"dichromat, bit64, covr, hms, testthat (>= 2.0)",NA,MIT + file LICENSE,NA,NA,NA,NA,yes,3.5.0
segmented,/Users/sfield/r_libs,0.5-3.0,NA,NA,NA,NA,NA,NA,GPL,NA,NA,NA,NA,no,3.5.0
selectr,/Users/sfield/r_libs,0.4-1,NA,R (>= 3.0),"methods, stringr, R6",NA,"testthat, XML, xml2",NA,BSD_3_clause + file LICENCE,NA,NA,NA,NA,no,3.5.0
seriation,/Users/sfield/r_libs,1.2-3,NA,R (>= 2.14.0),"TSP, qap, grid, cluster, gclus, dendextend, colorspace, MASS,
gplots, registry, methods, stats, grDevices",NA,"biclust, testthat, DendSer, GA",NA,GPL-3,NA,NA,NA,NA,yes,3.5.0
sessioninfo,/Users/sfield/r_libs,1.1.1,NA,NA,"cli, tools, utils, withr",NA,"callr, covr, mockery, testthat",NA,GPL-2,NA,NA,NA,NA,no,3.5.0
sfsmisc,/Users/sfield/r_libs,1.1-3,NA,R (>= 3.2.0),"grDevices, methods, utils, stats",NA,"datasets, tcltk, cluster, lattice, MASS, Matrix, nlme, lokern","mgcv, rpart, nor1mix, polycor, sm, tikzDevice",GPL (>= 2),NA,NA,NA,NA,no,3.5.0
shiny,/Users/sfield/r_libs,1.2.0,NA,"R (>= 3.0.2), methods","utils, grDevices, httpuv (>= 1.4.4), mime (>= 0.3), jsonlite
(>= 0.9.16), xtable, digest, htmltools (>= 0.3.5), R6 (>= 2.0),
sourcetools, later (>= 0.7.2), promises (>= 1.0.1), tools,
crayon, rlang",NA,"datasets, Cairo (>= 1.5-5), testthat, knitr (>= 1.6),
markdown, rmarkdown, ggplot2, magrittr",NA,GPL-3 | file LICENSE,NA,NA,NA,NA,no,3.5.0
shinydashboard,/Users/sfield/r_libs,0.7.1,NA,R (>= 3.0),"utils, shiny (>= 1.0.0), htmltools (>= 0.2.6), promises",NA,NA,NA,GPL (>= 2) | file LICENSE,NA,NA,NA,NA,no,3.5.0
shinyjs,/Users/sfield/r_libs,1.0,NA,R (>= 3.1.0),"digest (>= 0.6.8), htmltools (>= 0.2.9), jsonlite, shiny (>=
1.0.0)",NA,"knitr (>= 1.7), rmarkdown, shinyAce, testthat (>= 0.9.1), V8
(>= 0.6)",NA,AGPL-3,NA,NA,NA,NA,no,3.5.0
shinystan,/Users/sfield/r_libs,2.5.0,NA,"R (>= 3.1.0), shiny (>= 1.0.3)","bayesplot (>= 1.5.0), colourpicker, DT (>= 0.2), dygraphs (>=
1.1.1.2), ggplot2 (>= 2.1.1), gridExtra, gtools, markdown (>=
0.7.4), methods, reshape2, rsconnect (>= 0.4.2), rstan (>=
2.17.1), stats, shinyjs (>= 0.6.0), shinythemes (>= 1.0.1),
threejs (>= 0.2.1), utils, xtable, xts (>= 0.9-7)",NA,"coda, knitr (>= 1.9), rmarkdown (>= 0.8.1), rstanarm (>=
2.17.4), testthat",NA,GPL (>= 3),NA,NA,NA,NA,no,3.5.0
shinythemes,/Users/sfield/r_libs,1.1.2,NA,R (>= 3.0.0),shiny (>= 0.11),NA,NA,NA,GPL-3 | file LICENSE,NA,NA,NA,NA,no,3.5.0
SomaBiomarkers,/Users/sfield/r_libs,1.0.0,NA,R (>= 3.3.0),NA,NA,"spelling, devtools (>= 2.0.1), rmarkdown (>= 1.10)",NA,GPL-3 | file LICENSE,NA,NA,NA,NA,NA,3.5.1
SomaClassify,/Users/sfield/r_libs,2.3.1.9000,NA,"R (>= 3.5.0),
SomaObjects,
SomaReadr,
SomaGlobals,
SomaPlyr","SomaPlot,
randomForest,
tidyr,
e1071,
dplyr (>= 0.7.6),
magrittr (>= 1.5.0),
purrr (>= 0.2.4),
tibble (>= 1.4.2),
rlang (>= 0.2.2),
latex2exp,
cli (>= 1.0.1),
crayon,
kknn,
gbm,
emdbook,
rsample,
ggplot2,
stringr,
survival,
MASS,
caTools",NA,"devtools (>= 2.0.1),
rmarkdown (>= 1.10),
spelling,
testthat,
splines,
knitr",SomaPCA,GPL-3 | file LICENSE,NA,NA,NA,NA,NA,3.5.1
SomaCluster,/Users/sfield/r_libs,2.3.1.9000,NA,"R (>= 3.5.0),
SomaObjects,
SomaPlyr,
SomaGlobals","stats,
cluster,
magrittr",NA,"devtools (>= 2.0.1),
rmarkdown (>= 1.10),
spelling,
progenyClust,
testthat,
knitr",NA,GPL-3 | file LICENSE,NA,NA,NA,NA,NA,3.5.1
SomaDataIO,/Users/sfield/r_libs,2.3.1.9000,NA,R (>= 3.4.0),"methods,
utils,
magrittr (>= 1.5.0),
purrr (>= 0.2.4),
readr (>= 1.2.0),
dplyr (>= 0.7.6),
rlang (>= 0.2.2),
cli (>= 1.0.1),
crayon (>= 1.3.4),
stringr (>= 1.3.1),
tibble (>= 1.4.2)",NA,"devtools (>= 2.0.1),
rmarkdown (>= 1.10),
spelling,
tidyr,
Biobase,
reshape,
ggplot2,
testthat,
knitr",NA,GPL-3 | file LICENSE,NA,NA,NA,NA,NA,3.5.1
SomaDB,/Users/sfield/r_libs,0.1.0.9000,NA,R (>= 3.5.0),"dplyr (>= 0.7.6),
DBI,
magrittr,
odbc,
rstudioapi,
stats,
stringr,
tidyr,
SomaReadr,
SomaPlyr,
yaml",NA,"devtools (>= 2.0.1),
rmarkdown (>= 1.10),
spelling,
knitr,
testthat",NA,GPL-3 | file LICENSE,NA,NA,NA,NA,NA,3.5.1
SomaFeatureSelect,/Users/sfield/r_libs,2.3.1.9000,NA,"R (>= 3.5.0),
SomaObjects,
SomaGlobals,
SomaPlyr,
SomaClassify","SomaReadr,
SomaPlot,
caTools,
crayon,
ggplot2,
cli (>= 1.0.1),
dplyr,
magrittr,
e1071,
purrr,
gridExtra,
stringr,
tibble,
parallel,
beeswarm",NA,"devtools (>= 2.0.1),
rmarkdown (>= 1.10),
spelling,
testthat,
knitr",SomaStabilitySelection,GPL-3 | file LICENSE,NA,NA,NA,NA,NA,3.5.1
SomaGlobals,/Users/sfield/r_libs,2.3.1.9000,NA,"R (>= 3.5.0),
SomaObjects,
SomaReadr","magrittr (>= 1.5.0),
dplyr (>= 0.7.6),
purrr (>= 0.2.4),
tibble (>= 1.4.2),
rlang (>= 0.2.2),
glue,
stringr (>= 1.3.1),
ggplot2 (>= 3.0.0),
cli (>= 1.0.1),
crayon,
latex2exp",NA,"devtools (>= 2.0.1),
rmarkdown (>= 1.10),
spelling,
SomaPlyr,
testthat,
knitr","SomaNormalization,
SomaClassify,
SomaPCA,
SomaMixedEffects,
SomaStabilitySelection,
SomaCluster,
SomaSurvival",GPL-3 | file LICENSE,NA,NA,NA,NA,NA,3.5.1
SomaMixedEffects,/Users/sfield/r_libs,2.3.1.9000,NA,"R (>= 3.5.0),
SomaObjects,
SomaGlobals,
SomaReadr,
SomaPlyr","nlme,
ggplot2 (>= 3.0.0),
rlang (>= 0.2.2),
purrr,
tibble,
tidyr,
cli (>= 1.0.1),
crayon,
magrittr,
dplyr (>= 0.7.6),
stringr,
MASS,
utils",NA,"spelling,
rmarkdown (>= 1.10),
testthat,
knitr",NA,GPL-3 | file LICENSE,NA,NA,NA,NA,NA,3.5.1
SomaNormalization,/Users/sfield/r_libs,2.3.1.9000,NA,"R (>= 3.5.0),
SomaObjects,
SomaReadr,
SomaGlobals,
SomaPlyr","SomaPlot,
latex2exp,
dplyr (>= 0.7.6),
ggplot2 (>= 3.0.0),
cli (>= 1.0.1),
readr (>= 1.2.0),
crayon,
purrr,
rlang (>= 0.2.2),
tidyr,
broom,
stringr,
tibble,
magrittr",NA,"devtools (>= 2.0.1),
rmarkdown (>= 1.10),
spelling,
splines,
e1071,
testthat,
knitr",NA,GPL-3 | file LICENSE,NA,NA,NA,NA,NA,3.5.1
SomaObjects,/Users/sfield/r_libs,2.3.1.9000,NA,R (>= 3.5.0),"stringr, cli, crayon, pkgload (>= 1.0.2)",NA,"devtools (>= 2.0.1),
rmarkdown (>= 1.10),
spelling,
dplyr (>= 0.7.6),
tibble (>= 1.4.2),
ggplot2 (>= 3.0.0),
knitr","SomaGlobals,
SomaPlyr,
SomaPlot,
SomaClassify,
SomaNormalization,
SomaPCA,
SomaCluster,
SomaSurvival",GPL-3 | file LICENSE,NA,NA,NA,NA,NA,3.5.1
SomaPCA,/Users/sfield/r_libs,2.3.1.9000,NA,"R (>= 3.5.0),
SomaGlobals,
SomaObjects,
SomaPlyr","SomaPlot,
SomaClassify,
caTools,
dplyr (>= 0.7.6),
tibble (>= 1.4.2),
ggplot2 (>= 3.0.0),
stringr (>= 1.3.1),
cli (>= 1.0.1),
crayon (>= 1.3.4),
purrr (>= 0.2.5),
magrittr (>= 1.5.0),
tidyr (>= 0.8.1),
MASS,
viridisLite,
sfsmisc",NA,"devtools (>= 2.0.1),
rmarkdown (>= 1.10),
spelling,
testthat,
knitr",NA,GPL-3 | file LICENSE,NA,NA,NA,NA,NA,3.5.1
SomaPipeline,/Users/sfield/r_libs,2.3.1.9000,NA,"R (>= 3.5.0),
SomaObjects,
SomaReadr,
SomaGlobals,
SomaPlyr,","SomaSurvival,
SomaNormalization,
magrittr,
tibble,
purrr,
psych,
stringr,
plotly,
dplyr (>= 0.7.6),
randomForest,
randomForestSRC,
here,
DT,
fs,
stats,
rsample,
ggplot2 (>= 3.0.0),
rlang,
car,
survival,",NA,"SomaClassify,
devtools (>= 2.0.1),
rmarkdown (>= 1.10),
spelling,
ranger,
tidyposterior,
yardstick,
caret,
caretEnsemble,
testthat,
knitr",NA,GPL-3 | file LICENSE,NA,NA,NA,NA,NA,3.5.1
SomaPlot,/Users/sfield/r_libs,2.3.1.9000,NA,"R (>= 3.5.0),
SomaObjects,
magrittr (>= 1.5.0)","SomaGlobals,
SomaPlyr,
beeswarm,
gplots,
ggplot2 (>= 3.0.0),
plotly,
dplyr (>= 0.7.6),
purrr (>= 0.2.4),
tibble (>= 1.4.2),
seriation,
rlang (>= 0.2.2),
tidyr,
stringr,
cli (>= 1.0.1),
crayon,
latex2exp,
MASS",NA,"devtools (>= 2.0.1),
rmarkdown (>= 1.10),
spelling,
testthat,
knitr","SomaNormalization,
SomaClassify,
SomaPCA,
SomaMixedEffects,
SomaStabilitySelection,
SomaCluster,
SomaSurvival",GPL-3 | file LICENSE,NA,NA,NA,NA,NA,3.5.1
SomaPlyr,/Users/sfield/r_libs,2.3.1.9000,NA,"R (>= 3.5.0),
SomaObjects,
SomaGlobals,
SomaReadr,
dplyr (>= 0.7.6)","stringr,
cli (>= 1.0.1),
crayon,
magrittr (>= 1.5.0),
purrr (>= 0.2.4),
tidyr (>= 0.8.2),
tibble (>= 1.4.2),
rlang",NA,"SomaClassify,
devtools (>= 2.0.1),
rmarkdown (>= 1.10),
spelling,
ggplot2,
knitr,
randomForest,
qvalue,
testthat","SomaMixedEffects,
SomaNormalization,
SomaStabilitySelection,
SomaPCA",GPL-3 | file LICENSE,NA,NA,NA,NA,NA,3.5.1
SomaReadr,/Users/sfield/r_libs,2.3.1.9000,NA,R (>= 3.5.0),"digest,
cli (>= 1.0.1),
crayon (>= 1.3.4),
readr (>= 1.2.0),
dplyr (>= 0.7.6),
rlang (>= 0.2.2),
magrittr (>= 1.5.0),
tibble (>= 1.4.2),
purrr (>= 0.2.4),
stringr (>= 1.3.1),
devtools (>= 2.0.1)",NA,"spelling,
rmarkdown (>= 1.10),
SomaObjects,
knitr,
testthat",SomaNormalization,GPL-3 | file LICENSE,NA,NA,NA,NA,NA,3.5.1
SomaStabilitySelection,/Users/sfield/r_libs,2.3.1.9000,NA,"R (>= 3.5.0),
SomaObjects,
SomaGlobals,
SomaPlyr","SomaPlot,
dplyr (>= 0.7.6),
tidyr,
tibble (>= 1.4.2),
ggplot2 (>= 3.0.0),
purrr (>= 0.2.5),
glmnet,
cli (>= 1.0.1),
crayon,
stringr,
survival,
magrittr,
parallel",NA,"spelling,
rmarkdown (>= 1.10),
testthat,
knitr",NA,GPL-3 | file LICENSE,NA,NA,NA,NA,NA,3.5.1
SomaSurvival,/Users/sfield/r_libs,2.3.1.9000,NA,"R (>= 3.5.0),
SomaObjects,
SomaReadr,
SomaPlyr,
SomaGlobals","survival (>= 2.43.1),
SomaPlot,
survivalROC,
glmnet,
cli (>= 1.0.1),
crayon (>= 1.3.4),
tibble (>= 1.4.2),
ggplot2 (>= 3.0.0),
dplyr (>= 0.7.6),
broom (>= 0.4.4),
rsample (>= 0.0.2),
purrr (>= 0.2.4),
pROC,
pec (== 2018.04.18),
prodlim,
stringr (>= 1.3.1),
randomForestSRC,
magrittr (>= 1.5.0),
tidyr,
rlang,
rms,
gtools",NA,"spelling,
knitr (>= 1.17),
rmarkdown (>= 1.10),
roxygen2 (>= 6.1.0),
testthat (>= 2.0.0)",NA,GPL-3 | file LICENSE,NA,NA,NA,NA,NA,3.5.1
somaverse,/Users/sfield/r_libs,0.0.1.9000,NA,R (>= 3.5.0),"broom (>= 0.4.4),
cli (>= 1.0.1),
crayon (>= 1.3.4),
dplyr (>= 0.7.6),
ggplot2 (>= 3.0.0),
here (>= 0.1.0),
lintr (>= 1.0.3),
magrittr (>= 1.5.0),
odbc (>= 1.1.5),
plotly (>= 4.7.1),
purrr (>= 0.2.4),
readr (>= 1.2.0),
reprex (>= 0.2.1),
rex (>= 1.1.2),
rlang (>= 0.2.2),
rsample (>= 0.0.2),
rstudioapi (>= 0.8),
stringr (>= 1.3.1),
styler (>= 1.0.2),
tibble (>= 1.4.2),
tidyr (>= 0.8.2),
SomaObjects (>= 1.0.0),
SomaClassify (>= 2.0.0),
SomaCluster (>= 2.0.0),
SomaReadr (>= 2.0.0),
SomaDB (>= 0.1.0),
SomaFeatureSelect (>= 2.0.0),
SomaGlobals (>= 2.0.0),
SomaMixedEffects (>= 2.0.0),
SomaNormalization (>= 2.0.0),
SomaPCA (>= 2.0.0),
SomaPipeline (>= 2.0.0),
SomaPlyr (>= 2.0.0),
SomaPlot (>= 2.0.0),
SomaStabilitySelection (>= 2.0.0),
SomaSurvival (>= 2.0.0)",NA,"spelling (>= 1.2),
usethis (>= 1.4.0),
devtools (>= 2.0.1),
dbplyr (>= 1.2.1),
knitr (>= 1.17),
rmarkdown (>= 1.10),
roxygen2 (>= 6.1.0),
testthat (>= 2.0.0)",NA,GPL-3 | file LICENSE,NA,NA,NA,NA,NA,3.5.1
sourcetools,/Users/sfield/r_libs,0.1.7,NA,R (>= 3.0.2),NA,NA,testthat,NA,MIT + file LICENSE,NA,NA,NA,NA,yes,3.5.0
sp,/Users/sfield/r_libs,1.3-1,NA,"R (>= 3.0.0), methods","utils, stats, graphics, grDevices, lattice, grid",NA,"RColorBrewer, rgdal (>= 0.8-7), rgeos (>= 0.3-13), gstat,
maptools, deldir",NA,GPL (>= 2),NA,NA,NA,NA,yes,3.5.0
SparseM,/Users/sfield/r_libs,1.77,NA,"R (>= 2.15), methods","graphics, stats, utils",NA,NA,NA,GPL (>= 2),NA,NA,NA,NA,yes,3.5.0
spelling,/Users/sfield/r_libs,2.0,NA,NA,"commonmark, xml2, hunspell (>= 3.0), knitr",NA,pdftools,NA,MIT + file LICENSE,NA,NA,NA,NA,no,3.5.0
SQUAREM,/Users/sfield/r_libs,2017.10-1,NA,R (>= 3.0),NA,NA,setRNG,NA,GPL (>= 2),NA,NA,NA,NA,no,3.5.0
StanHeaders,/Users/sfield/r_libs,2.18.0-1,NA,R (>= 3.4.0),NA,NA,"Rcpp, RcppEigen, BH, knitr (>= 1.15.1), rmarkdown",NA,BSD_3_clause + file LICENSE,NA,NA,NA,NA,yes,3.5.0
stringdist,/Users/sfield/r_libs,0.9.5.1,NA,R (>= 2.15.3),parallel,NA,testthat,NA,GPL-3,NA,NA,NA,NA,yes,3.5.0
stringi,/Users/sfield/r_libs,1.2.4,NA,R (>= 2.14),"tools, utils, stats",NA,NA,NA,file LICENSE,yes,NA,NA,NA,yes,3.5.0
stringr,/Users/sfield/r_libs,1.3.1,NA,R (>= 3.1),"glue (>= 1.2.0), magrittr, stringi (>= 1.1.7)",NA,"covr, htmltools, htmlwidgets, knitr, rmarkdown, testthat",NA,GPL-2 | file LICENSE,NA,NA,NA,NA,no,3.5.0
styler,/Users/sfield/r_libs,1.1.0,NA,NA,"backports, cli, magrittr, purrr (>= 0.2.3), rematch2, rlang,
rprojroot, tibble (>= 1.4.2), tools, withr, xfun",NA,"data.tree, dplyr, here, knitr, prettycode, rmarkdown,
rstudioapi, testthat",NA,GPL-3,NA,NA,NA,NA,no,3.5.0
survivalROC,/Users/sfield/r_libs,1.0.3,NA,R (>= 1.6.1),NA,NA,NA,NA,GPL (>= 2),NA,NA,NA,NA,NA,3.5.0
TeachingDemos,/Users/sfield/r_libs,2.10,NA,NA,NA,NA,"tkrplot, lattice, MASS, rgl, tcltk, tcltk2, png, ggplot2,
logspline, maptools, R2wd, manipulate",NA,Artistic-2.0,NA,NA,NA,NA,no,3.5.0
tensorflow,/Users/sfield/r_libs,1.10,NA,R (>= 3.1),"config, jsonlite (>= 1.2), processx, reticulate (>= 1.10),
tfruns (>= 1.0), utils, yaml, rstudioapi (>= 0.7)",NA,"testthat, keras, tfestimators",NA,Apache License 2.0,NA,NA,NA,NA,no,3.5.0
testthat,/Users/sfield/r_libs,2.0.1,NA,R (>= 3.1),"cli, crayon, digest, magrittr, methods, praise, R6 (>= 2.2.0),
rlang, withr (>= 2.0.0)",NA,"covr, devtools, knitr, rmarkdown, usethis, xml2",NA,MIT + file LICENSE,NA,NA,NA,NA,yes,3.5.0
tfruns,/Users/sfield/r_libs,1.4,NA,R (>= 3.1),"utils, jsonlite (>= 1.2), base64enc, yaml, config, magrittr,
whisker, tidyselect, rlang, rstudioapi (>= 0.7), reticulate",NA,"testthat, knitr",NA,Apache License 2.0,NA,NA,NA,NA,no,3.5.0
TH.data,/Users/sfield/r_libs,1.0-9,NA,"R (>= 2.10.0), survival, MASS",NA,NA,"dplyr, gdata, plyr",NA,GPL-3,NA,NA,NA,NA,no,3.5.0
threejs,/Users/sfield/r_libs,0.3.1,NA,"R (>= 3.0.0), igraph (>= 1.0.0)","htmlwidgets (>= 0.3.2), base64enc, crosstalk, methods, stats",NA,maps,"knitr, shiny",MIT + file LICENSE,NA,NA,NA,NA,no,3.5.0
tibble,/Users/sfield/r_libs,2.0.0,NA,R (>= 3.1.0),"cli (>= 1.0.1), crayon (>= 1.3.4), fansi (>= 0.4.0), methods,
pillar (>= 1.3.1), pkgconfig (>= 2.0.2), rlang (>= 0.3.0.1),
utils",NA,"bench (>= 1.0.1), covr (>= 3.2.1), dplyr (>= 0.7.8),
htmltools (>= 0.3.6), import (>= 1.1.0), knitr (>= 1.21), mockr
(>= 0.1), nycflights13 (>= 1.0.0), rmarkdown (>= 1.11),
testthat (>= 2.0.1), withr (>= 2.1.2)",NA,MIT + file LICENSE,NA,NA,NA,NA,yes,3.5.2
tidyposterior,/Users/sfield/r_libs,0.0.2,NA,R (>= 2.10),"rsample (>= 0.0.2), tidyr (>= 0.7.1), dplyr, rstanarm (>=
2.15.3), rlang, utils, purrr, tibble, generics, ggplot2,",NA,"knitr, testthat, covr",NA,GPL-2,NA,NA,NA,NA,no,3.5.0
tidyr,/Users/sfield/r_libs,0.8.2,NA,R (>= 3.1),"dplyr (>= 0.7.0), glue, magrittr, purrr, Rcpp, rlang, stringi,
tibble, tidyselect (>= 0.2.5)",Rcpp,"covr, gapminder, knitr, rmarkdown, testthat",NA,MIT + file LICENSE,NA,NA,NA,NA,yes,3.5.0
tidyselect,/Users/sfield/r_libs,0.2.5,NA,R (>= 3.1),"glue (>= 1.3.0), purrr, rlang (>= 0.2.2), Rcpp (>= 0.12.0)","Rcpp (>= 0.12.0),","covr, dplyr, testthat",NA,GPL-3,NA,NA,NA,NA,yes,3.5.0
tidyverse,/Users/sfield/r_libs,1.2.1,NA,NA,"broom (>= 0.4.2), cli (>= 1.0.0), crayon (>= 1.3.4), dplyr (>=
0.7.4), dbplyr (>= 1.1.0), forcats (>= 0.2.0), ggplot2 (>=
2.2.1), haven (>= 1.1.0), hms (>= 0.3), httr (>= 1.3.1),
jsonlite (>= 1.5), lubridate (>= 1.7.1), magrittr (>= 1.5),
modelr (>= 0.1.1), purrr (>= 0.2.4), readr (>= 1.1.1), readxl
(>= 1.0.0), reprex (>= 0.1.1), rlang (>= 0.1.4), rstudioapi (>=
0.7), rvest (>= 0.3.2), stringr (>= 1.2.0), tibble (>= 1.3.4),
tidyr (>= 0.7.2), xml2 (>= 1.1.1)",NA,"feather (>= 0.3.1), knitr (>= 1.17), rmarkdown (>= 1.7.4)",NA,GPL-3 | file LICENSE,NA,NA,NA,NA,no,3.5.0
timeDate,/Users/sfield/r_libs,3043.102,NA,"R (>= 2.15.1), graphics, utils, stats, methods",NA,NA,"date, RUnit",NA,GPL (>= 2),NA,NA,NA,NA,no,3.5.0
timereg,/Users/sfield/r_libs,1.9.2,NA,"R (>= 2.15), survival","lava, numDeriv, stats, graphics, grDevices, utils",NA,"mets,",NA,GPL (>= 2),NA,NA,NA,NA,yes,3.5.0
tinytex,/Users/sfield/r_libs,0.9,NA,NA,xfun (>= 0.3),NA,"testit, rstudioapi",NA,MIT + file LICENSE,NA,NA,NA,NA,no,3.5.0
trimcluster,/Users/sfield/r_libs,0.1-2.1,NA,R (>= 1.9.0),NA,NA,fpc,NA,GPL,NA,NA,NA,NA,no,3.5.0
TSP,/Users/sfield/r_libs,1.1-6,NA,R (>= 2.14.0),"graphics, foreach, utils, methods, stats, grDevices",NA,"maps, sp, maptools, testthat",NA,GPL-3,NA,NA,NA,NA,yes,3.5.0
usethis,/Users/sfield/r_libs,1.4.0,NA,R (>= 3.1),"clipr (>= 0.3.0), clisymbols, crayon, curl (>= 2.7), desc, fs
(>= 1.2.0), gh, git2r (>= 0.23), glue, rlang, rprojroot (>=
1.2), rstudioapi, utils, whisker",NA,"covr, knitr, magick, rmarkdown, roxygen2, spelling (>= 1.2),
styler (>= 1.0.2), testthat (>= 2.0.0), withr",NA,GPL-3,NA,NA,NA,NA,no,3.5.0
utf8,/Users/sfield/r_libs,1.1.4,NA,R (>= 2.10),NA,NA,"knitr, rmarkdown, testthat",NA,Apache License (== 2.0) | file LICENSE,NA,NA,NA,NA,yes,3.5.0
varSelRF,/Users/sfield/r_libs,0.7-8,NA,"R (>= 2.0.0), randomForest, parallel",NA,NA,NA,NA,GPL (>= 2),NA,NA,NA,NA,no,3.5.0
VennDiagram,/Users/sfield/r_libs,1.6.20,NA,"R (>= 2.14.1), grid (>= 2.14.1), futile.logger",NA,NA,testthat,NA,GPL-2,NA,NA,NA,NA,no,3.5.0
viridis,/Users/sfield/r_libs,0.5.1,NA,"R (>= 2.10), viridisLite (>= 0.3.0)","stats, ggplot2 (>= 1.0.1), gridExtra",NA,"hexbin (>= 1.27.0), scales, MASS, knitr, dichromat,
colorspace, rasterVis, httr, mapproj, vdiffr, svglite (>=
1.2.0), testthat, covr, rmarkdown, rgdal",NA,MIT + file LICENSE,NA,NA,NA,NA,no,3.5.0
viridisLite,/Users/sfield/r_libs,0.3.0,NA,R (>= 2.10),NA,NA,"hexbin (>= 1.27.0), ggplot2 (>= 1.0.1), testthat, covr",NA,MIT + file LICENSE,NA,NA,NA,NA,no,3.5.0
visNetwork,/Users/sfield/r_libs,2.0.5,NA,R (>= 3.0),"htmlwidgets, htmltools, jsonlite, magrittr, utils, methods,
grDevices, stats",NA,"knitr, rmarkdown, webshot, igraph, rpart, shiny,
shinyWidgets, colourpicker, sparkline, ggraph, flashClust",NA,MIT + file LICENSE,NA,NA,NA,NA,no,3.5.0
webshot,/Users/sfield/r_libs,0.5.1,NA,R (>= 3.0),"magrittr, jsonlite, callr",NA,"httpuv, knitr, rmarkdown, shiny",NA,GPL-2,NA,NA,NA,NA,no,3.5.0
whisker,/Users/sfield/r_libs,0.3-2,NA,NA,NA,NA,markdown,NA,GPL-3,NA,NA,NA,NA,no,3.5.0
withr,/Users/sfield/r_libs,2.1.2,NA,R (>= 3.0.2),"stats, graphics, grDevices",NA,"testthat, covr, lattice, DBI, RSQLite, methods, knitr,
rmarkdown",NA,GPL (>= 2),NA,NA,NA,NA,no,3.5.0
xfun,/Users/sfield/r_libs,0.4,NA,NA,tools,NA,"testit, parallel, rstudioapi, tinytex, mime, markdown, knitr,
htmltools, base64enc, rmarkdown",NA,MIT + file LICENSE,NA,NA,NA,NA,no,3.5.0
XML,/Users/sfield/r_libs,3.98-1.16,NA,"R (>= 2.13.0), methods, utils",NA,NA,"bitops, RCurl",NA,BSD_2_clause + file LICENSE,NA,NA,NA,NA,yes,3.5.0
xml2,/Users/sfield/r_libs,1.2.0,NA,R (>= 3.1.0),Rcpp,Rcpp (>= 0.12.12),"testthat, curl, covr, knitr, rmarkdown, magrittr, httr",NA,GPL (>= 2),NA,NA,NA,NA,yes,3.5.0
xopen,/Users/sfield/r_libs,1.0.0,NA,R (>= 3.1),processx,NA,"ps, testthat",NA,MIT + file LICENSE,NA,NA,NA,NA,no,3.5.0
xtable,/Users/sfield/r_libs,1.8-3,NA,R (>= 2.10.0),"stats, utils",NA,"knitr, spdep, splm, sphet, plm, zoo, survival",NA,GPL (>= 2),NA,NA,NA,NA,no,3.5.0
xts,/Users/sfield/r_libs,0.11-2,NA,zoo (>= 1.7-12),methods,zoo,"timeSeries, timeDate, tseries, chron, fts, tis, RUnit",NA,GPL (>= 2),NA,NA,NA,NA,yes,3.5.0
yaml,/Users/sfield/r_libs,2.2.0,NA,NA,NA,NA,RUnit,NA,BSD_3_clause + file LICENSE,NA,NA,NA,NA,yes,3.5.0
yardstick,/Users/sfield/r_libs,0.0.2,NA,R (>= 2.10),"dplyr, utils, pROC, rlang, tidyselect, Rcpp, generics",Rcpp,"testthat, covr, purrr, tidyr, ggplot2, knitr, kableExtra,
rmarkdown",NA,GPL-2,NA,NA,NA,NA,yes,3.5.0
zip,/Users/sfield/r_libs,1.0.0,NA,NA,NA,NA,"covr, testthat, withr",NA,CC0,NA,NA,NA,NA,yes,3.5.0
zoo,/Users/sfield/r_libs,1.8-4,NA,"R (>= 3.1.0), stats","utils, graphics, grDevices, lattice (>= 0.20-27)",NA,"coda, chron, DAAG, fts, ggplot2, mondate, scales,
strucchange, timeDate, timeSeries, tis, tseries, xts",NA,GPL-2 | GPL-3,NA,NA,NA,NA,yes,3.5.0
base,/Library/Frameworks/R.framework/Versions/3.5/Resources/library,3.5.1,base,NA,NA,NA,methods,NA,Part of R 3.5.1,NA,NA,NA,NA,NA,3.5.1
class,/Library/Frameworks/R.framework/Versions/3.5/Resources/library,7.3-14,recommended,"R (>= 3.0.0), stats, utils",MASS,NA,NA,NA,GPL-2 | GPL-3,NA,NA,NA,NA,yes,3.5.1
codetools,/Library/Frameworks/R.framework/Versions/3.5/Resources/library,0.2-15,recommended,R (>= 2.1),NA,NA,NA,NA,GPL,NA,NA,NA,NA,no,3.5.1
compiler,/Library/Frameworks/R.framework/Versions/3.5/Resources/library,3.5.1,base,NA,NA,NA,NA,NA,Part of R 3.5.1,NA,NA,NA,NA,NA,3.5.1
datasets,/Library/Frameworks/R.framework/Versions/3.5/Resources/library,3.5.1,base,NA,NA,NA,NA,NA,Part of R 3.5.1,NA,NA,NA,NA,NA,3.5.1
foreign,/Library/Frameworks/R.framework/Versions/3.5/Resources/library,0.8-71,recommended,R (>= 3.0.0),"methods, utils, stats",NA,NA,NA,GPL (>= 2),NA,NA,NA,NA,yes,3.5.0
graphics,/Library/Frameworks/R.framework/Versions/3.5/Resources/library,3.5.1,base,NA,grDevices,NA,NA,NA,Part of R 3.5.1,NA,NA,NA,NA,yes,3.5.1
grDevices,/Library/Frameworks/R.framework/Versions/3.5/Resources/library,3.5.1,base,NA,NA,NA,KernSmooth,NA,Part of R 3.5.1,NA,NA,NA,NA,yes,3.5.1
grid,/Library/Frameworks/R.framework/Versions/3.5/Resources/library,3.5.1,base,NA,"grDevices, utils",NA,lattice,NA,Part of R 3.5.1,NA,NA,NA,NA,yes,3.5.1
KernSmooth,/Library/Frameworks/R.framework/Versions/3.5/Resources/library,2.23-15,recommended,"R (>= 2.5.0), stats",NA,NA,MASS,NA,Unlimited,NA,NA,NA,NA,yes,3.5.1
lattice,/Library/Frameworks/R.framework/Versions/3.5/Resources/library,0.20-38,recommended,R (>= 3.0.0),"grid, grDevices, graphics, stats, utils",NA,"KernSmooth, MASS, latticeExtra",chron,GPL (>= 2),NA,NA,NA,NA,yes,3.5.0
MASS,/Library/Frameworks/R.framework/Versions/3.5/Resources/library,7.3-51.1,recommended,"R (>= 3.1.0), grDevices, graphics, stats, utils",methods,NA,"lattice, nlme, nnet, survival",NA,GPL-2 | GPL-3,NA,NA,NA,NA,yes,3.5.0
Matrix,/Library/Frameworks/R.framework/Versions/3.5/Resources/library,1.2-15,recommended,R (>= 3.2.0),"methods, graphics, grid, stats, utils, lattice",NA,"expm, MASS","MatrixModels, graph, SparseM, sfsmisc",GPL (>= 2) | file LICENCE,NA,NA,NA,NA,yes,3.5.0
methods,/Library/Frameworks/R.framework/Versions/3.5/Resources/library,3.5.1,base,NA,"utils, stats",NA,codetools,NA,Part of R 3.5.1,NA,NA,NA,NA,yes,3.5.1
mgcv,/Library/Frameworks/R.framework/Versions/3.5/Resources/library,1.8-26,recommended,"R (>= 2.14.0), nlme (>= 3.1-64)","methods, stats, graphics, Matrix",NA,"splines, parallel, survival, MASS",NA,GPL (>= 2),NA,NA,NA,NA,yes,3.5.0
nlme,/Library/Frameworks/R.framework/Versions/3.5/Resources/library,3.1-137,recommended,R (>= 3.4.0),"graphics, stats, utils, lattice",NA,"Hmisc, MASS",NA,GPL (>= 2) | file LICENCE,NA,NA,NA,NA,yes,3.5.0
nnet,/Library/Frameworks/R.framework/Versions/3.5/Resources/library,7.3-12,recommended,"R (>= 2.14.0), stats, utils",NA,NA,MASS,NA,GPL-2 | GPL-3,NA,NA,NA,NA,yes,3.5.1
parallel,/Library/Frameworks/R.framework/Versions/3.5/Resources/library,3.5.1,base,NA,"tools, compiler",NA,methods,"snow, nws, Rmpi",Part of R 3.5.1,NA,NA,NA,NA,yes,3.5.1
rpart,/Library/Frameworks/R.framework/Versions/3.5/Resources/library,4.1-13,recommended,"R (>= 2.15.0), graphics, stats, grDevices",NA,NA,survival,NA,GPL-2 | GPL-3,NA,NA,NA,NA,yes,3.5.1
spatial,/Library/Frameworks/R.framework/Versions/3.5/Resources/library,7.3-11,recommended,"R (>= 3.0.0), graphics, stats, utils",NA,NA,MASS,NA,GPL-2 | GPL-3,NA,NA,NA,NA,yes,3.5.1
splines,/Library/Frameworks/R.framework/Versions/3.5/Resources/library,3.5.1,base,NA,"graphics, stats",NA,"Matrix, methods",NA,Part of R 3.5.1,NA,NA,NA,NA,yes,3.5.1
stats,/Library/Frameworks/R.framework/Versions/3.5/Resources/library,3.5.1,base,NA,"utils, grDevices, graphics",NA,"MASS, Matrix, SuppDists, methods, stats4",NA,Part of R 3.5.1,NA,NA,NA,NA,yes,3.5.1
stats4,/Library/Frameworks/R.framework/Versions/3.5/Resources/library,3.5.1,base,NA,"graphics, methods, stats",NA,NA,NA,Part of R 3.5.1,NA,NA,NA,NA,NA,3.5.1
survival,/Library/Frameworks/R.framework/Versions/3.5/Resources/library,2.43-3,recommended,R (>= 2.13.0),"graphics, Matrix, methods, splines, stats, utils",NA,NA,NA,LGPL (>= 2),NA,NA,NA,NA,yes,3.5.0
tcltk,/Library/Frameworks/R.framework/Versions/3.5/Resources/library,3.5.1,base,NA,utils,NA,NA,NA,Part of R 3.5.1,NA,NA,NA,NA,yes,3.5.1
tools,/Library/Frameworks/R.framework/Versions/3.5/Resources/library,3.5.1,base,NA,NA,NA,"codetools, methods, xml2, curl",NA,Part of R 3.5.1,NA,NA,NA,NA,yes,3.5.1
utils,/Library/Frameworks/R.framework/Versions/3.5/Resources/library,3.5.1,base,NA,NA,NA,"methods, xml2, commonmark",NA,Part of R 3.5.1,NA,NA,NA,NA,yes,3.5.1
